04:07:19	0	0	none	0	0	0	0	0		
04:07:24	51656	370	none	0	0	0	0	0	/Users/timurtoby/Documents/MacRunner/Main/MacRunner/reports/phase4-hollow-knight/laneA-post-e3-long-baseline-20260701-040719-try1-040719	synced artifacts/_mr-run.YJRDNc/drive_c/windows/system32/powrprof.dll <= engine/wine/dist-arm64ec-spike/lib/wine/x86_64-windows/powrprof.dll
04:07:29	108209	766	none	0	0	0	0	0	/Users/timurtoby/Documents/MacRunner/Main/MacRunner/reports/phase4-hollow-knight/laneA-post-e3-long-baseline-20260701-040719-try1-040719	synced artifacts/_mr-run.YJRDNc/drive_c/windows/syswow64/dpnhupnp.dll <= engine/wine/dist-arm64ec-spike/lib/wine/i386-windows/dpnhupnp.dll
04:07:34	163482	1161	none	0	0	0	0	0	/Users/timurtoby/Documents/MacRunner/Main/MacRunner/reports/phase4-hollow-knight/laneA-post-e3-long-baseline-20260701-040719-try1-040719	synced artifacts/_mr-run.YJRDNc/drive_c/windows/syswow64/wnaspi32.dll <= engine/wine/dist-arm64ec-spike/lib/wine/i386-windows/wnaspi32.dll
04:07:40	174702	1241	none	0	0	0	0	0	/Users/timurtoby/Documents/MacRunner/Main/MacRunner/reports/phase4-hollow-knight/laneA-post-e3-long-baseline-20260701-040719-try1-040719	[mr-run] starting services.exe + rpcss.exe (standalone) → epmapper + ncalrpc:[irpcss]
04:07:45	176855	1259	93452,93514	0	0	0	0	0	/Users/timurtoby/Documents/MacRunner/Main/MacRunner/reports/phase4-hollow-knight/laneA-post-e3-long-baseline-20260701-040719-try1-040719	macrunner-hb-arm64x-native-import-prefix: module=L"kernel32.dll" dll=kernelbase.dll import=__chkstk slot=0000087EFC260000 target=0000087FFF92A500 native=0000087EFE630000
04:07:50	178515	1269	93452,93514	0	0	0	0	0	/Users/timurtoby/Documents/MacRunner/Main/MacRunner/reports/phase4-hollow-knight/laneA-post-e3-long-baseline-20260701-040719-try1-040719	macrunner-hb-arm64x-native-import-prefix: module=L"SHLWAPI.dll" dll=kernelbase.dll import=__chkstk slot=0000087EF7AD03A8 target=0000087FFF92A500 native=0000087EFE630000
04:07:55	184763	1326	93452,93514	0	0	0	0	0	/Users/timurtoby/Documents/MacRunner/Main/MacRunner/reports/phase4-hollow-knight/laneA-post-e3-long-baseline-20260701-040719-try1-040719	    "memorysetup-temp-allocator-size-gfx=262144"
04:08:00	188435	1349	93514	0	0	0	0	0	/Users/timurtoby/Documents/MacRunner/Main/MacRunner/reports/phase4-hollow-knight/laneA-post-e3-long-baseline-20260701-040719-try1-040719	Mono config path = 'Z:/Users/timurtoby/Documents/MacRunner/Main/game-hollow.knight-(89718)/extracted-hollow-knight-1.5.12620/MonoBleedingEdge/etc'
04:08:05	188917	1352	93514	0	0	0	0	0	/Users/timurtoby/Documents/MacRunner/Main/MacRunner/reports/phase4-hollow-knight/laneA-post-e3-long-baseline-20260701-040719-try1-040719	macrunner-hb-ldr-init: phase=after-loader index=8 ctx=000000017FB5FC70 pc=0000087FFF92A810 lr=0000000000000000 sp=000000017FB60000 entry=0000087EF1158660 arg=0000000122352920
04:08:10	211052	1507	93514	0	0	1	0	0	/Users/timurtoby/Documents/MacRunner/Main/MacRunner/reports/phase4-hollow-knight/laneA-post-e3-long-baseline-20260701-040719-try1-040719	macrunner-hb-ldr-init: phase=after-loader index=39 ctx=000000071A41FC70 pc=0000087FFF92A810 lr=0000000000000000 sp=000000071A420000 entry=0000087EFCB39320 arg=000000030008BE50
04:08:21	213768	1525	93514	1	0	1	0	0	/Users/timurtoby/Documents/MacRunner/Main/MacRunner/reports/phase4-hollow-knight/laneA-post-e3-long-baseline-20260701-040719-try1-040719	Begin MonoManager ReloadAssembly
04:08:32	213768	1525	93514	1	0	1	0	0	/Users/timurtoby/Documents/MacRunner/Main/MacRunner/reports/phase4-hollow-knight/laneA-post-e3-long-baseline-20260701-040719-try1-040719	Begin MonoManager ReloadAssembly
04:08:42	213768	1525	93514	1	0	1	0	0	/Users/timurtoby/Documents/MacRunner/Main/MacRunner/reports/phase4-hollow-knight/laneA-post-e3-long-baseline-20260701-040719-try1-040719	Begin MonoManager ReloadAssembly
04:08:53	213768	1525	93514,94092,94093	1	0	1	0	0	/Users/timurtoby/Documents/MacRunner/Main/MacRunner/reports/phase4-hollow-knight/laneA-post-e3-long-baseline-20260701-040719-try1-040719	Begin MonoManager ReloadAssembly
04:09:04	213768	1525	93514	1	0	1	0	0	/Users/timurtoby/Documents/MacRunner/Main/MacRunner/reports/phase4-hollow-knight/laneA-post-e3-long-baseline-20260701-040719-try1-040719	Begin MonoManager ReloadAssembly
04:09:09	213768	1525	93514	1	0	1	0	0	/Users/timurtoby/Documents/MacRunner/Main/MacRunner/reports/phase4-hollow-knight/laneA-post-e3-long-baseline-20260701-040719-try1-040719	Begin MonoManager ReloadAssembly
04:09:14	213768	1525	93514	1	0	1	0	0	/Users/timurtoby/Documents/MacRunner/Main/MacRunner/reports/phase4-hollow-knight/laneA-post-e3-long-baseline-20260701-040719-try1-040719	Begin MonoManager ReloadAssembly
04:09:19	213768	1525	93514	1	0	1	0	0	/Users/timurtoby/Documents/MacRunner/Main/MacRunner/reports/phase4-hollow-knight/laneA-post-e3-long-baseline-20260701-040719-try1-040719	Begin MonoManager ReloadAssembly
04:09:24	213768	1525	93514	1	0	1	0	0	/Users/timurtoby/Documents/MacRunner/Main/MacRunner/reports/phase4-hollow-knight/laneA-post-e3-long-baseline-20260701-040719-try1-040719	Begin MonoManager ReloadAssembly
04:09:29	213768	1525	93514	1	0	1	0	0	/Users/timurtoby/Documents/MacRunner/Main/MacRunner/reports/phase4-hollow-knight/laneA-post-e3-long-baseline-20260701-040719-try1-040719	Begin MonoManager ReloadAssembly
04:09:34	213768	1525	93514	1	0	1	0	0	/Users/timurtoby/Documents/MacRunner/Main/MacRunner/reports/phase4-hollow-knight/laneA-post-e3-long-baseline-20260701-040719-try1-040719	Begin MonoManager ReloadAssembly
04:09:39	213768	1525	93514	1	0	1	0	0	/Users/timurtoby/Documents/MacRunner/Main/MacRunner/reports/phase4-hollow-knight/laneA-post-e3-long-baseline-20260701-040719-try1-040719	Begin MonoManager ReloadAssembly
04:09:45	213768	1525	93514	1	0	1	0	0	/Users/timurtoby/Documents/MacRunner/Main/MacRunner/reports/phase4-hollow-knight/laneA-post-e3-long-baseline-20260701-040719-try1-040719	Begin MonoManager ReloadAssembly
04:09:50	213768	1525	93514	1	0	1	0	0	/Users/timurtoby/Documents/MacRunner/Main/MacRunner/reports/phase4-hollow-knight/laneA-post-e3-long-baseline-20260701-040719-try1-040719	Begin MonoManager ReloadAssembly
04:09:55	213768	1525	93514	1	0	1	0	0	/Users/timurtoby/Documents/MacRunner/Main/MacRunner/reports/phase4-hollow-knight/laneA-post-e3-long-baseline-20260701-040719-try1-040719	Begin MonoManager ReloadAssembly
04:10:00	213768	1525	93514	1	0	1	0	0	/Users/timurtoby/Documents/MacRunner/Main/MacRunner/reports/phase4-hollow-knight/laneA-post-e3-long-baseline-20260701-040719-try1-040719	Begin MonoManager ReloadAssembly
04:10:05	213768	1525	93514	1	0	1	0	0	/Users/timurtoby/Documents/MacRunner/Main/MacRunner/reports/phase4-hollow-knight/laneA-post-e3-long-baseline-20260701-040719-try1-040719	Begin MonoManager ReloadAssembly
04:10:10	213768	1525	93514	1	0	1	0	0	/Users/timurtoby/Documents/MacRunner/Main/MacRunner/reports/phase4-hollow-knight/laneA-post-e3-long-baseline-20260701-040719-try1-040719	Begin MonoManager ReloadAssembly
04:10:15	213768	1525	93514	1	0	1	0	0	/Users/timurtoby/Documents/MacRunner/Main/MacRunner/reports/phase4-hollow-knight/laneA-post-e3-long-baseline-20260701-040719-try1-040719	Begin MonoManager ReloadAssembly
04:10:20	213768	1525	93514	1	0	1	0	0	/Users/timurtoby/Documents/MacRunner/Main/MacRunner/reports/phase4-hollow-knight/laneA-post-e3-long-baseline-20260701-040719-try1-040719	Begin MonoManager ReloadAssembly
04:10:25	213768	1525	93514	1	0	1	0	0	/Users/timurtoby/Documents/MacRunner/Main/MacRunner/reports/phase4-hollow-knight/laneA-post-e3-long-baseline-20260701-040719-try1-040719	Begin MonoManager ReloadAssembly
04:10:30	213873	1527	93514	1	1	1	0	0	/Users/timurtoby/Documents/MacRunner/Main/MacRunner/reports/phase4-hollow-knight/laneA-post-e3-long-baseline-20260701-040719-try1-040719	- Finished resetting the current domain, in  2.662 seconds
[Physics::Module] Selected backend.
04:10:35	214109	1533	93514	1	1	1	0	0	/Users/timurtoby/Documents/MacRunner/Main/MacRunner/reports/phase4-hollow-knight/laneA-post-e3-long-baseline-20260701-040719-try1-040719	[Physics::Module] Threading Mode: Multi-Threaded
04:10:41	214109	1533	93514	1	1	1	0	0	/Users/timurtoby/Documents/MacRunner/Main/MacRunner/reports/phase4-hollow-knight/laneA-post-e3-long-baseline-20260701-040719-try1-040719	[Physics::Module] Threading Mode: Multi-Threaded
04:10:46	214109	1533	93514	1	1	1	0	0	/Users/timurtoby/Documents/MacRunner/Main/MacRunner/reports/phase4-hollow-knight/laneA-post-e3-long-baseline-20260701-040719-try1-040719	[Physics::Module] Threading Mode: Multi-Threaded
04:10:51	214109	1533	93514	1	1	1	0	0	/Users/timurtoby/Documents/MacRunner/Main/MacRunner/reports/phase4-hollow-knight/laneA-post-e3-long-baseline-20260701-040719-try1-040719	[Physics::Module] Threading Mode: Multi-Threaded
04:10:56	214109	1533	93514	1	1	1	0	0	/Users/timurtoby/Documents/MacRunner/Main/MacRunner/reports/phase4-hollow-knight/laneA-post-e3-long-baseline-20260701-040719-try1-040719	[Physics::Module] Threading Mode: Multi-Threaded
04:11:01	214109	1533	93514	1	1	1	0	0	/Users/timurtoby/Documents/MacRunner/Main/MacRunner/reports/phase4-hollow-knight/laneA-post-e3-long-baseline-20260701-040719-try1-040719	[Physics::Module] Threading Mode: Multi-Threaded
04:11:06	214109	1533	93514	1	1	1	0	0	/Users/timurtoby/Documents/MacRunner/Main/MacRunner/reports/phase4-hollow-knight/laneA-post-e3-long-baseline-20260701-040719-try1-040719	[Physics::Module] Threading Mode: Multi-Threaded
04:11:11	214109	1533	93514	1	1	1	0	0	/Users/timurtoby/Documents/MacRunner/Main/MacRunner/reports/phase4-hollow-knight/laneA-post-e3-long-baseline-20260701-040719-try1-040719	[Physics::Module] Threading Mode: Multi-Threaded
04:11:16	214109	1533	93514	1	1	1	0	0	/Users/timurtoby/Documents/MacRunner/Main/MacRunner/reports/phase4-hollow-knight/laneA-post-e3-long-baseline-20260701-040719-try1-040719	[Physics::Module] Threading Mode: Multi-Threaded
04:11:21	214109	1533	93514	1	1	1	0	0	/Users/timurtoby/Documents/MacRunner/Main/MacRunner/reports/phase4-hollow-knight/laneA-post-e3-long-baseline-20260701-040719-try1-040719	[Physics::Module] Threading Mode: Multi-Threaded
04:11:26	214109	1533	93514	1	1	1	0	0	/Users/timurtoby/Documents/MacRunner/Main/MacRunner/reports/phase4-hollow-knight/laneA-post-e3-long-baseline-20260701-040719-try1-040719	[Physics::Module] Threading Mode: Multi-Threaded
04:11:31	214109	1533	93514	1	1	1	0	0	/Users/timurtoby/Documents/MacRunner/Main/MacRunner/reports/phase4-hollow-knight/laneA-post-e3-long-baseline-20260701-040719-try1-040719	[Physics::Module] Threading Mode: Multi-Threaded
04:11:37	214109	1533	93514	1	1	1	0	0	/Users/timurtoby/Documents/MacRunner/Main/MacRunner/reports/phase4-hollow-knight/laneA-post-e3-long-baseline-20260701-040719-try1-040719	[Physics::Module] Threading Mode: Multi-Threaded
04:11:42	214109	1533	93514	1	1	1	0	0	/Users/timurtoby/Documents/MacRunner/Main/MacRunner/reports/phase4-hollow-knight/laneA-post-e3-long-baseline-20260701-040719-try1-040719	[Physics::Module] Threading Mode: Multi-Threaded
04:11:47	214109	1533	93514	1	1	1	0	0	/Users/timurtoby/Documents/MacRunner/Main/MacRunner/reports/phase4-hollow-knight/laneA-post-e3-long-baseline-20260701-040719-try1-040719	[Physics::Module] Threading Mode: Multi-Threaded
04:11:52	214109	1533	93514	1	1	1	0	0	/Users/timurtoby/Documents/MacRunner/Main/MacRunner/reports/phase4-hollow-knight/laneA-post-e3-long-baseline-20260701-040719-try1-040719	[Physics::Module] Threading Mode: Multi-Threaded
04:11:57	214109	1533	93514	1	1	1	0	0	/Users/timurtoby/Documents/MacRunner/Main/MacRunner/reports/phase4-hollow-knight/laneA-post-e3-long-baseline-20260701-040719-try1-040719	[Physics::Module] Threading Mode: Multi-Threaded
04:12:02	214109	1533	93514	1	1	1	0	0	/Users/timurtoby/Documents/MacRunner/Main/MacRunner/reports/phase4-hollow-knight/laneA-post-e3-long-baseline-20260701-040719-try1-040719	[Physics::Module] Threading Mode: Multi-Threaded
04:12:07	214109	1533	93514	1	1	1	0	0	/Users/timurtoby/Documents/MacRunner/Main/MacRunner/reports/phase4-hollow-knight/laneA-post-e3-long-baseline-20260701-040719-try1-040719	[Physics::Module] Threading Mode: Multi-Threaded
04:12:12	214109	1533	93514	1	1	1	0	0	/Users/timurtoby/Documents/MacRunner/Main/MacRunner/reports/phase4-hollow-knight/laneA-post-e3-long-baseline-20260701-040719-try1-040719	[Physics::Module] Threading Mode: Multi-Threaded
04:12:17	214109	1533	93514	1	1	1	0	0	/Users/timurtoby/Documents/MacRunner/Main/MacRunner/reports/phase4-hollow-knight/laneA-post-e3-long-baseline-20260701-040719-try1-040719	[Physics::Module] Threading Mode: Multi-Threaded
04:12:22	216755	1548	93514	1	1	1	1	0	/Users/timurtoby/Documents/MacRunner/Main/MacRunner/reports/phase4-hollow-knight/laneA-post-e3-long-baseline-20260701-040719-try1-040719	macrunner-hb-ldr-init: phase=after-loader index=46 ctx=0000000808C2FC70 pc=0000087FFF92A810 lr=0000000000000000 sp=0000000808C30000 entry=0000087EF29C42F0 arg=00000007AAD1D270
04:12:27	216755	1548	93514	1	1	1	1	0	/Users/timurtoby/Documents/MacRunner/Main/MacRunner/reports/phase4-hollow-knight/laneA-post-e3-long-baseline-20260701-040719-try1-040719	macrunner-hb-ldr-init: phase=after-loader index=46 ctx=0000000808C2FC70 pc=0000087FFF92A810 lr=0000000000000000 sp=0000000808C30000 entry=0000087EF29C42F0 arg=00000007AAD1D270
04:12:33	216755	1548	93514	1	1	1	1	0	/Users/timurtoby/Documents/MacRunner/Main/MacRunner/reports/phase4-hollow-knight/laneA-post-e3-long-baseline-20260701-040719-try1-040719	macrunner-hb-ldr-init: phase=after-loader index=46 ctx=0000000808C2FC70 pc=0000087FFF92A810 lr=0000000000000000 sp=0000000808C30000 entry=0000087EF29C42F0 arg=00000007AAD1D270
04:12:38	216755	1548	93514	1	1	1	1	0	/Users/timurtoby/Documents/MacRunner/Main/MacRunner/reports/phase4-hollow-knight/laneA-post-e3-long-baseline-20260701-040719-try1-040719	macrunner-hb-ldr-init: phase=after-loader index=46 ctx=0000000808C2FC70 pc=0000087FFF92A810 lr=0000000000000000 sp=0000000808C30000 entry=0000087EF29C42F0 arg=00000007AAD1D270
04:12:43	216755	1548	93514	1	1	1	1	0	/Users/timurtoby/Documents/MacRunner/Main/MacRunner/reports/phase4-hollow-knight/laneA-post-e3-long-baseline-20260701-040719-try1-040719	macrunner-hb-ldr-init: phase=after-loader index=46 ctx=0000000808C2FC70 pc=0000087FFF92A810 lr=0000000000000000 sp=0000000808C30000 entry=0000087EF29C42F0 arg=00000007AAD1D270
04:12:48	216755	1548	93514	1	1	1	1	0	/Users/timurtoby/Documents/MacRunner/Main/MacRunner/reports/phase4-hollow-knight/laneA-post-e3-long-baseline-20260701-040719-try1-040719	macrunner-hb-ldr-init: phase=after-loader index=46 ctx=0000000808C2FC70 pc=0000087FFF92A810 lr=0000000000000000 sp=0000000808C30000 entry=0000087EF29C42F0 arg=00000007AAD1D270
04:12:53	216755	1548	93514	1	1	1	1	0	/Users/timurtoby/Documents/MacRunner/Main/MacRunner/reports/phase4-hollow-knight/laneA-post-e3-long-baseline-20260701-040719-try1-040719	macrunner-hb-ldr-init: phase=after-loader index=46 ctx=0000000808C2FC70 pc=0000087FFF92A810 lr=0000000000000000 sp=0000000808C30000 entry=0000087EF29C42F0 arg=00000007AAD1D270
04:12:58	216755	1548	93514	1	1	1	1	0	/Users/timurtoby/Documents/MacRunner/Main/MacRunner/reports/phase4-hollow-knight/laneA-post-e3-long-baseline-20260701-040719-try1-040719	macrunner-hb-ldr-init: phase=after-loader index=46 ctx=0000000808C2FC70 pc=0000087FFF92A810 lr=0000000000000000 sp=0000000808C30000 entry=0000087EF29C42F0 arg=00000007AAD1D270
04:13:03	216755	1548	93514	1	1	1	1	0	/Users/timurtoby/Documents/MacRunner/Main/MacRunner/reports/phase4-hollow-knight/laneA-post-e3-long-baseline-20260701-040719-try1-040719	macrunner-hb-ldr-init: phase=after-loader index=46 ctx=0000000808C2FC70 pc=0000087FFF92A810 lr=0000000000000000 sp=0000000808C30000 entry=0000087EF29C42F0 arg=00000007AAD1D270
04:13:08	216755	1548	93514	1	1	1	1	0	/Users/timurtoby/Documents/MacRunner/Main/MacRunner/reports/phase4-hollow-knight/laneA-post-e3-long-baseline-20260701-040719-try1-040719	macrunner-hb-ldr-init: phase=after-loader index=46 ctx=0000000808C2FC70 pc=0000087FFF92A810 lr=0000000000000000 sp=0000000808C30000 entry=0000087EF29C42F0 arg=00000007AAD1D270
04:13:13	216755	1548	93514	1	1	1	1	0	/Users/timurtoby/Documents/MacRunner/Main/MacRunner/reports/phase4-hollow-knight/laneA-post-e3-long-baseline-20260701-040719-try1-040719	macrunner-hb-ldr-init: phase=after-loader index=46 ctx=0000000808C2FC70 pc=0000087FFF92A810 lr=0000000000000000 sp=0000000808C30000 entry=0000087EF29C42F0 arg=00000007AAD1D270
04:13:18	216755	1548	93514	1	1	1	1	0	/Users/timurtoby/Documents/MacRunner/Main/MacRunner/reports/phase4-hollow-knight/laneA-post-e3-long-baseline-20260701-040719-try1-040719	macrunner-hb-ldr-init: phase=after-loader index=46 ctx=0000000808C2FC70 pc=0000087FFF92A810 lr=0000000000000000 sp=0000000808C30000 entry=0000087EF29C42F0 arg=00000007AAD1D270
04:13:23	216755	1548	93514	1	1	1	1	0	/Users/timurtoby/Documents/MacRunner/Main/MacRunner/reports/phase4-hollow-knight/laneA-post-e3-long-baseline-20260701-040719-try1-040719	macrunner-hb-ldr-init: phase=after-loader index=46 ctx=0000000808C2FC70 pc=0000087FFF92A810 lr=0000000000000000 sp=0000000808C30000 entry=0000087EF29C42F0 arg=00000007AAD1D270
04:13:29	216755	1548	93514	1	1	1	1	0	/Users/timurtoby/Documents/MacRunner/Main/MacRunner/reports/phase4-hollow-knight/laneA-post-e3-long-baseline-20260701-040719-try1-040719	macrunner-hb-ldr-init: phase=after-loader index=46 ctx=0000000808C2FC70 pc=0000087FFF92A810 lr=0000000000000000 sp=0000000808C30000 entry=0000087EF29C42F0 arg=00000007AAD1D270
04:13:34	216755	1548	93514	1	1	1	1	0	/Users/timurtoby/Documents/MacRunner/Main/MacRunner/reports/phase4-hollow-knight/laneA-post-e3-long-baseline-20260701-040719-try1-040719	macrunner-hb-ldr-init: phase=after-loader index=46 ctx=0000000808C2FC70 pc=0000087FFF92A810 lr=0000000000000000 sp=0000000808C30000 entry=0000087EF29C42F0 arg=00000007AAD1D270
04:13:39	216755	1548	93514	1	1	1	1	0	/Users/timurtoby/Documents/MacRunner/Main/MacRunner/reports/phase4-hollow-knight/laneA-post-e3-long-baseline-20260701-040719-try1-040719	macrunner-hb-ldr-init: phase=after-loader index=46 ctx=0000000808C2FC70 pc=0000087FFF92A810 lr=0000000000000000 sp=0000000808C30000 entry=0000087EF29C42F0 arg=00000007AAD1D270
04:13:44	216755	1548	93514	1	1	1	1	0	/Users/timurtoby/Documents/MacRunner/Main/MacRunner/reports/phase4-hollow-knight/laneA-post-e3-long-baseline-20260701-040719-try1-040719	macrunner-hb-ldr-init: phase=after-loader index=46 ctx=0000000808C2FC70 pc=0000087FFF92A810 lr=0000000000000000 sp=0000000808C30000 entry=0000087EF29C42F0 arg=00000007AAD1D270
04:13:49	216755	1548	93514	1	1	1	1	0	/Users/timurtoby/Documents/MacRunner/Main/MacRunner/reports/phase4-hollow-knight/laneA-post-e3-long-baseline-20260701-040719-try1-040719	macrunner-hb-ldr-init: phase=after-loader index=46 ctx=0000000808C2FC70 pc=0000087FFF92A810 lr=0000000000000000 sp=0000000808C30000 entry=0000087EF29C42F0 arg=00000007AAD1D270
04:13:54	216755	1548	93514	1	1	1	1	0	/Users/timurtoby/Documents/MacRunner/Main/MacRunner/reports/phase4-hollow-knight/laneA-post-e3-long-baseline-20260701-040719-try1-040719	macrunner-hb-ldr-init: phase=after-loader index=46 ctx=0000000808C2FC70 pc=0000087FFF92A810 lr=0000000000000000 sp=0000000808C30000 entry=0000087EF29C42F0 arg=00000007AAD1D270
04:13:59	216755	1548	93514	1	1	1	1	0	/Users/timurtoby/Documents/MacRunner/Main/MacRunner/reports/phase4-hollow-knight/laneA-post-e3-long-baseline-20260701-040719-try1-040719	macrunner-hb-ldr-init: phase=after-loader index=46 ctx=0000000808C2FC70 pc=0000087FFF92A810 lr=0000000000000000 sp=0000000808C30000 entry=0000087EF29C42F0 arg=00000007AAD1D270
04:14:04	216755	1548	93514	1	1	1	1	0	/Users/timurtoby/Documents/MacRunner/Main/MacRunner/reports/phase4-hollow-knight/laneA-post-e3-long-baseline-20260701-040719-try1-040719	macrunner-hb-ldr-init: phase=after-loader index=46 ctx=0000000808C2FC70 pc=0000087FFF92A810 lr=0000000000000000 sp=0000000808C30000 entry=0000087EF29C42F0 arg=00000007AAD1D270
04:14:09	216755	1548	93514	1	1	1	1	0	/Users/timurtoby/Documents/MacRunner/Main/MacRunner/reports/phase4-hollow-knight/laneA-post-e3-long-baseline-20260701-040719-try1-040719	macrunner-hb-ldr-init: phase=after-loader index=46 ctx=0000000808C2FC70 pc=0000087FFF92A810 lr=0000000000000000 sp=0000000808C30000 entry=0000087EF29C42F0 arg=00000007AAD1D270
04:14:14	216755	1548	93514	1	1	1	1	0	/Users/timurtoby/Documents/MacRunner/Main/MacRunner/reports/phase4-hollow-knight/laneA-post-e3-long-baseline-20260701-040719-try1-040719	macrunner-hb-ldr-init: phase=after-loader index=46 ctx=0000000808C2FC70 pc=0000087FFF92A810 lr=0000000000000000 sp=0000000808C30000 entry=0000087EF29C42F0 arg=00000007AAD1D270
04:14:19	216755	1548	93514	1	1	1	1	0	/Users/timurtoby/Documents/MacRunner/Main/MacRunner/reports/phase4-hollow-knight/laneA-post-e3-long-baseline-20260701-040719-try1-040719	macrunner-hb-ldr-init: phase=after-loader index=46 ctx=0000000808C2FC70 pc=0000087FFF92A810 lr=0000000000000000 sp=0000000808C30000 entry=0000087EF29C42F0 arg=00000007AAD1D270
04:14:25	216755	1548	93514	1	1	1	1	0	/Users/timurtoby/Documents/MacRunner/Main/MacRunner/reports/phase4-hollow-knight/laneA-post-e3-long-baseline-20260701-040719-try1-040719	macrunner-hb-ldr-init: phase=after-loader index=46 ctx=0000000808C2FC70 pc=0000087FFF92A810 lr=0000000000000000 sp=0000000808C30000 entry=0000087EF29C42F0 arg=00000007AAD1D270
04:14:30	216755	1548	93514	1	1	1	1	0	/Users/timurtoby/Documents/MacRunner/Main/MacRunner/reports/phase4-hollow-knight/laneA-post-e3-long-baseline-20260701-040719-try1-040719	macrunner-hb-ldr-init: phase=after-loader index=46 ctx=0000000808C2FC70 pc=0000087FFF92A810 lr=0000000000000000 sp=0000000808C30000 entry=0000087EF29C42F0 arg=00000007AAD1D270
04:14:35	216755	1548	93514	1	1	1	1	0	/Users/timurtoby/Documents/MacRunner/Main/MacRunner/reports/phase4-hollow-knight/laneA-post-e3-long-baseline-20260701-040719-try1-040719	macrunner-hb-ldr-init: phase=after-loader index=46 ctx=0000000808C2FC70 pc=0000087FFF92A810 lr=0000000000000000 sp=0000000808C30000 entry=0000087EF29C42F0 arg=00000007AAD1D270
04:14:40	216755	1548	93514	1	1	1	1	0	/Users/timurtoby/Documents/MacRunner/Main/MacRunner/reports/phase4-hollow-knight/laneA-post-e3-long-baseline-20260701-040719-try1-040719	macrunner-hb-ldr-init: phase=after-loader index=46 ctx=0000000808C2FC70 pc=0000087FFF92A810 lr=0000000000000000 sp=0000000808C30000 entry=0000087EF29C42F0 arg=00000007AAD1D270
04:14:45	216755	1548	93514	1	1	1	1	0	/Users/timurtoby/Documents/MacRunner/Main/MacRunner/reports/phase4-hollow-knight/laneA-post-e3-long-baseline-20260701-040719-try1-040719	macrunner-hb-ldr-init: phase=after-loader index=46 ctx=0000000808C2FC70 pc=0000087FFF92A810 lr=0000000000000000 sp=0000000808C30000 entry=0000087EF29C42F0 arg=00000007AAD1D270
04:14:50	216755	1548	93514	1	1	1	1	0	/Users/timurtoby/Documents/MacRunner/Main/MacRunner/reports/phase4-hollow-knight/laneA-post-e3-long-baseline-20260701-040719-try1-040719	macrunner-hb-ldr-init: phase=after-loader index=46 ctx=0000000808C2FC70 pc=0000087FFF92A810 lr=0000000000000000 sp=0000000808C30000 entry=0000087EF29C42F0 arg=00000007AAD1D270
04:14:55	216755	1548	93514	1	1	1	1	0	/Users/timurtoby/Documents/MacRunner/Main/MacRunner/reports/phase4-hollow-knight/laneA-post-e3-long-baseline-20260701-040719-try1-040719	macrunner-hb-ldr-init: phase=after-loader index=46 ctx=0000000808C2FC70 pc=0000087FFF92A810 lr=0000000000000000 sp=0000000808C30000 entry=0000087EF29C42F0 arg=00000007AAD1D270
04:15:00	216755	1548	93514	1	1	1	1	0	/Users/timurtoby/Documents/MacRunner/Main/MacRunner/reports/phase4-hollow-knight/laneA-post-e3-long-baseline-20260701-040719-try1-040719	macrunner-hb-ldr-init: phase=after-loader index=46 ctx=0000000808C2FC70 pc=0000087FFF92A810 lr=0000000000000000 sp=0000000808C30000 entry=0000087EF29C42F0 arg=00000007AAD1D270
04:15:05	216755	1548	93514	1	1	1	1	0	/Users/timurtoby/Documents/MacRunner/Main/MacRunner/reports/phase4-hollow-knight/laneA-post-e3-long-baseline-20260701-040719-try1-040719	macrunner-hb-ldr-init: phase=after-loader index=46 ctx=0000000808C2FC70 pc=0000087FFF92A810 lr=0000000000000000 sp=0000000808C30000 entry=0000087EF29C42F0 arg=00000007AAD1D270
04:15:10	216755	1548	93514	1	1	1	1	0	/Users/timurtoby/Documents/MacRunner/Main/MacRunner/reports/phase4-hollow-knight/laneA-post-e3-long-baseline-20260701-040719-try1-040719	macrunner-hb-ldr-init: phase=after-loader index=46 ctx=0000000808C2FC70 pc=0000087FFF92A810 lr=0000000000000000 sp=0000000808C30000 entry=0000087EF29C42F0 arg=00000007AAD1D270
04:15:16	216755	1548	93514	1	1	1	1	0	/Users/timurtoby/Documents/MacRunner/Main/MacRunner/reports/phase4-hollow-knight/laneA-post-e3-long-baseline-20260701-040719-try1-040719	macrunner-hb-ldr-init: phase=after-loader index=46 ctx=0000000808C2FC70 pc=0000087FFF92A810 lr=0000000000000000 sp=0000000808C30000 entry=0000087EF29C42F0 arg=00000007AAD1D270
04:15:21	221585	1584	93514	1	1	1	1	0	/Users/timurtoby/Documents/MacRunner/Main/MacRunner/reports/phase4-hollow-knight/laneA-post-e3-long-baseline-20260701-040719-try1-040719	warn:  MakeWindowAssociation: Ignoring flags 3
04:15:26	222385	1589	93514	1	1	1	1	0	/Users/timurtoby/Documents/MacRunner/Main/MacRunner/reports/phase4-hollow-knight/laneA-post-e3-long-baseline-20260701-040719-try1-040719	macrunner-hb-callback-target: source=primary-bus pc=0x87efcce5170 module=UnityPlayer.dll base=0x87efc510000 rva=0x7d5170 bytes=4055535741564157488d6c24804881ec
04:15:31	222385	1589	93514	1	1	1	1	0	/Users/timurtoby/Documents/MacRunner/Main/MacRunner/reports/phase4-hollow-knight/laneA-post-e3-long-baseline-20260701-040719-try1-040719	macrunner-hb-callback-target: source=primary-bus pc=0x87efcce5170 module=UnityPlayer.dll base=0x87efc510000 rva=0x7d5170 bytes=4055535741564157488d6c24804881ec
04:15:36	222385	1589	93514	1	1	1	1	0	/Users/timurtoby/Documents/MacRunner/Main/MacRunner/reports/phase4-hollow-knight/laneA-post-e3-long-baseline-20260701-040719-try1-040719	macrunner-hb-callback-target: source=primary-bus pc=0x87efcce5170 module=UnityPlayer.dll base=0x87efc510000 rva=0x7d5170 bytes=4055535741564157488d6c24804881ec
04:15:41	222385	1589	93514	1	1	1	1	0	/Users/timurtoby/Documents/MacRunner/Main/MacRunner/reports/phase4-hollow-knight/laneA-post-e3-long-baseline-20260701-040719-try1-040719	macrunner-hb-callback-target: source=primary-bus pc=0x87efcce5170 module=UnityPlayer.dll base=0x87efc510000 rva=0x7d5170 bytes=4055535741564157488d6c24804881ec
04:15:46	222385	1589	93514	1	1	1	1	0	/Users/timurtoby/Documents/MacRunner/Main/MacRunner/reports/phase4-hollow-knight/laneA-post-e3-long-baseline-20260701-040719-try1-040719	macrunner-hb-callback-target: source=primary-bus pc=0x87efcce5170 module=UnityPlayer.dll base=0x87efc510000 rva=0x7d5170 bytes=4055535741564157488d6c24804881ec
04:15:51	222385	1589	93514	1	1	1	1	0	/Users/timurtoby/Documents/MacRunner/Main/MacRunner/reports/phase4-hollow-knight/laneA-post-e3-long-baseline-20260701-040719-try1-040719	macrunner-hb-callback-target: source=primary-bus pc=0x87efcce5170 module=UnityPlayer.dll base=0x87efc510000 rva=0x7d5170 bytes=4055535741564157488d6c24804881ec
04:15:56	222385	1589	93514	1	1	1	1	0	/Users/timurtoby/Documents/MacRunner/Main/MacRunner/reports/phase4-hollow-knight/laneA-post-e3-long-baseline-20260701-040719-try1-040719	macrunner-hb-callback-target: source=primary-bus pc=0x87efcce5170 module=UnityPlayer.dll base=0x87efc510000 rva=0x7d5170 bytes=4055535741564157488d6c24804881ec
04:16:01	222385	1589	93514	1	1	1	1	0	/Users/timurtoby/Documents/MacRunner/Main/MacRunner/reports/phase4-hollow-knight/laneA-post-e3-long-baseline-20260701-040719-try1-040719	macrunner-hb-callback-target: source=primary-bus pc=0x87efcce5170 module=UnityPlayer.dll base=0x87efc510000 rva=0x7d5170 bytes=4055535741564157488d6c24804881ec
04:16:06	222385	1589	93514	1	1	1	1	0	/Users/timurtoby/Documents/MacRunner/Main/MacRunner/reports/phase4-hollow-knight/laneA-post-e3-long-baseline-20260701-040719-try1-040719	macrunner-hb-callback-target: source=primary-bus pc=0x87efcce5170 module=UnityPlayer.dll base=0x87efc510000 rva=0x7d5170 bytes=4055535741564157488d6c24804881ec
04:16:12	222385	1589	93514	1	1	1	1	0	/Users/timurtoby/Documents/MacRunner/Main/MacRunner/reports/phase4-hollow-knight/laneA-post-e3-long-baseline-20260701-040719-try1-040719	macrunner-hb-callback-target: source=primary-bus pc=0x87efcce5170 module=UnityPlayer.dll base=0x87efc510000 rva=0x7d5170 bytes=4055535741564157488d6c24804881ec
04:16:17	222385	1589	93514	1	1	1	1	0	/Users/timurtoby/Documents/MacRunner/Main/MacRunner/reports/phase4-hollow-knight/laneA-post-e3-long-baseline-20260701-040719-try1-040719	macrunner-hb-callback-target: source=primary-bus pc=0x87efcce5170 module=UnityPlayer.dll base=0x87efc510000 rva=0x7d5170 bytes=4055535741564157488d6c24804881ec
04:16:22	222385	1589	93514	1	1	1	1	0	/Users/timurtoby/Documents/MacRunner/Main/MacRunner/reports/phase4-hollow-knight/laneA-post-e3-long-baseline-20260701-040719-try1-040719	macrunner-hb-callback-target: source=primary-bus pc=0x87efcce5170 module=UnityPlayer.dll base=0x87efc510000 rva=0x7d5170 bytes=4055535741564157488d6c24804881ec
04:16:27	222385	1589	93514	1	1	1	1	0	/Users/timurtoby/Documents/MacRunner/Main/MacRunner/reports/phase4-hollow-knight/laneA-post-e3-long-baseline-20260701-040719-try1-040719	macrunner-hb-callback-target: source=primary-bus pc=0x87efcce5170 module=UnityPlayer.dll base=0x87efc510000 rva=0x7d5170 bytes=4055535741564157488d6c24804881ec
04:16:32	222385	1589	93514	1	1	1	1	0	/Users/timurtoby/Documents/MacRunner/Main/MacRunner/reports/phase4-hollow-knight/laneA-post-e3-long-baseline-20260701-040719-try1-040719	macrunner-hb-callback-target: source=primary-bus pc=0x87efcce5170 module=UnityPlayer.dll base=0x87efc510000 rva=0x7d5170 bytes=4055535741564157488d6c24804881ec
04:16:37	222385	1589	93514	1	1	1	1	0	/Users/timurtoby/Documents/MacRunner/Main/MacRunner/reports/phase4-hollow-knight/laneA-post-e3-long-baseline-20260701-040719-try1-040719	macrunner-hb-callback-target: source=primary-bus pc=0x87efcce5170 module=UnityPlayer.dll base=0x87efc510000 rva=0x7d5170 bytes=4055535741564157488d6c24804881ec
04:16:42	222385	1589	93514	1	1	1	1	0	/Users/timurtoby/Documents/MacRunner/Main/MacRunner/reports/phase4-hollow-knight/laneA-post-e3-long-baseline-20260701-040719-try1-040719	macrunner-hb-callback-target: source=primary-bus pc=0x87efcce5170 module=UnityPlayer.dll base=0x87efc510000 rva=0x7d5170 bytes=4055535741564157488d6c24804881ec
04:16:47	222385	1589	93514	1	1	1	1	0	/Users/timurtoby/Documents/MacRunner/Main/MacRunner/reports/phase4-hollow-knight/laneA-post-e3-long-baseline-20260701-040719-try1-040719	macrunner-hb-callback-target: source=primary-bus pc=0x87efcce5170 module=UnityPlayer.dll base=0x87efc510000 rva=0x7d5170 bytes=4055535741564157488d6c24804881ec
04:16:52	222385	1589	93514	1	1	1	1	0	/Users/timurtoby/Documents/MacRunner/Main/MacRunner/reports/phase4-hollow-knight/laneA-post-e3-long-baseline-20260701-040719-try1-040719	macrunner-hb-callback-target: source=primary-bus pc=0x87efcce5170 module=UnityPlayer.dll base=0x87efc510000 rva=0x7d5170 bytes=4055535741564157488d6c24804881ec
04:16:57	222385	1589	93514	1	1	1	1	0	/Users/timurtoby/Documents/MacRunner/Main/MacRunner/reports/phase4-hollow-knight/laneA-post-e3-long-baseline-20260701-040719-try1-040719	macrunner-hb-callback-target: source=primary-bus pc=0x87efcce5170 module=UnityPlayer.dll base=0x87efc510000 rva=0x7d5170 bytes=4055535741564157488d6c24804881ec
04:17:02	222385	1589	93514	1	1	1	1	0	/Users/timurtoby/Documents/MacRunner/Main/MacRunner/reports/phase4-hollow-knight/laneA-post-e3-long-baseline-20260701-040719-try1-040719	macrunner-hb-callback-target: source=primary-bus pc=0x87efcce5170 module=UnityPlayer.dll base=0x87efc510000 rva=0x7d5170 bytes=4055535741564157488d6c24804881ec
04:17:08	222385	1589	93514	1	1	1	1	0	/Users/timurtoby/Documents/MacRunner/Main/MacRunner/reports/phase4-hollow-knight/laneA-post-e3-long-baseline-20260701-040719-try1-040719	macrunner-hb-callback-target: source=primary-bus pc=0x87efcce5170 module=UnityPlayer.dll base=0x87efc510000 rva=0x7d5170 bytes=4055535741564157488d6c24804881ec
04:17:13	222385	1589	93514	1	1	1	1	0	/Users/timurtoby/Documents/MacRunner/Main/MacRunner/reports/phase4-hollow-knight/laneA-post-e3-long-baseline-20260701-040719-try1-040719	macrunner-hb-callback-target: source=primary-bus pc=0x87efcce5170 module=UnityPlayer.dll base=0x87efc510000 rva=0x7d5170 bytes=4055535741564157488d6c24804881ec
04:17:18	222385	1589	93514	1	1	1	1	0	/Users/timurtoby/Documents/MacRunner/Main/MacRunner/reports/phase4-hollow-knight/laneA-post-e3-long-baseline-20260701-040719-try1-040719	macrunner-hb-callback-target: source=primary-bus pc=0x87efcce5170 module=UnityPlayer.dll base=0x87efc510000 rva=0x7d5170 bytes=4055535741564157488d6c24804881ec
04:17:23	222385	1589	93514	1	1	1	1	0	/Users/timurtoby/Documents/MacRunner/Main/MacRunner/reports/phase4-hollow-knight/laneA-post-e3-long-baseline-20260701-040719-try1-040719	macrunner-hb-callback-target: source=primary-bus pc=0x87efcce5170 module=UnityPlayer.dll base=0x87efc510000 rva=0x7d5170 bytes=4055535741564157488d6c24804881ec
04:17:28	222385	1589	93514	1	1	1	1	0	/Users/timurtoby/Documents/MacRunner/Main/MacRunner/reports/phase4-hollow-knight/laneA-post-e3-long-baseline-20260701-040719-try1-040719	macrunner-hb-callback-target: source=primary-bus pc=0x87efcce5170 module=UnityPlayer.dll base=0x87efc510000 rva=0x7d5170 bytes=4055535741564157488d6c24804881ec
04:17:33	222385	1589	93514	1	1	1	1	0	/Users/timurtoby/Documents/MacRunner/Main/MacRunner/reports/phase4-hollow-knight/laneA-post-e3-long-baseline-20260701-040719-try1-040719	macrunner-hb-callback-target: source=primary-bus pc=0x87efcce5170 module=UnityPlayer.dll base=0x87efc510000 rva=0x7d5170 bytes=4055535741564157488d6c24804881ec
04:17:38	222385	1589	93514	1	1	1	1	0	/Users/timurtoby/Documents/MacRunner/Main/MacRunner/reports/phase4-hollow-knight/laneA-post-e3-long-baseline-20260701-040719-try1-040719	macrunner-hb-callback-target: source=primary-bus pc=0x87efcce5170 module=UnityPlayer.dll base=0x87efc510000 rva=0x7d5170 bytes=4055535741564157488d6c24804881ec
04:17:43	222385	1589	93514	1	1	1	1	0	/Users/timurtoby/Documents/MacRunner/Main/MacRunner/reports/phase4-hollow-knight/laneA-post-e3-long-baseline-20260701-040719-try1-040719	macrunner-hb-callback-target: source=primary-bus pc=0x87efcce5170 module=UnityPlayer.dll base=0x87efc510000 rva=0x7d5170 bytes=4055535741564157488d6c24804881ec
04:17:48	222385	1589	93514	1	1	1	1	0	/Users/timurtoby/Documents/MacRunner/Main/MacRunner/reports/phase4-hollow-knight/laneA-post-e3-long-baseline-20260701-040719-try1-040719	macrunner-hb-callback-target: source=primary-bus pc=0x87efcce5170 module=UnityPlayer.dll base=0x87efc510000 rva=0x7d5170 bytes=4055535741564157488d6c24804881ec
04:17:53	222385	1589	93514	1	1	1	1	0	/Users/timurtoby/Documents/MacRunner/Main/MacRunner/reports/phase4-hollow-knight/laneA-post-e3-long-baseline-20260701-040719-try1-040719	macrunner-hb-callback-target: source=primary-bus pc=0x87efcce5170 module=UnityPlayer.dll base=0x87efc510000 rva=0x7d5170 bytes=4055535741564157488d6c24804881ec
04:17:58	222385	1589	93514	1	1	1	1	0	/Users/timurtoby/Documents/MacRunner/Main/MacRunner/reports/phase4-hollow-knight/laneA-post-e3-long-baseline-20260701-040719-try1-040719	macrunner-hb-callback-target: source=primary-bus pc=0x87efcce5170 module=UnityPlayer.dll base=0x87efc510000 rva=0x7d5170 bytes=4055535741564157488d6c24804881ec
04:18:04	222385	1589	93514	1	1	1	1	0	/Users/timurtoby/Documents/MacRunner/Main/MacRunner/reports/phase4-hollow-knight/laneA-post-e3-long-baseline-20260701-040719-try1-040719	macrunner-hb-callback-target: source=primary-bus pc=0x87efcce5170 module=UnityPlayer.dll base=0x87efc510000 rva=0x7d5170 bytes=4055535741564157488d6c24804881ec
04:18:09	222385	1589	93514	1	1	1	1	0	/Users/timurtoby/Documents/MacRunner/Main/MacRunner/reports/phase4-hollow-knight/laneA-post-e3-long-baseline-20260701-040719-try1-040719	macrunner-hb-callback-target: source=primary-bus pc=0x87efcce5170 module=UnityPlayer.dll base=0x87efc510000 rva=0x7d5170 bytes=4055535741564157488d6c24804881ec
04:18:14	222385	1589	93514	1	1	1	1	0	/Users/timurtoby/Documents/MacRunner/Main/MacRunner/reports/phase4-hollow-knight/laneA-post-e3-long-baseline-20260701-040719-try1-040719	macrunner-hb-callback-target: source=primary-bus pc=0x87efcce5170 module=UnityPlayer.dll base=0x87efc510000 rva=0x7d5170 bytes=4055535741564157488d6c24804881ec
04:18:19	222385	1589	93514	1	1	1	1	0	/Users/timurtoby/Documents/MacRunner/Main/MacRunner/reports/phase4-hollow-knight/laneA-post-e3-long-baseline-20260701-040719-try1-040719	macrunner-hb-callback-target: source=primary-bus pc=0x87efcce5170 module=UnityPlayer.dll base=0x87efc510000 rva=0x7d5170 bytes=4055535741564157488d6c24804881ec
04:18:24	222385	1589	93514	1	1	1	1	0	/Users/timurtoby/Documents/MacRunner/Main/MacRunner/reports/phase4-hollow-knight/laneA-post-e3-long-baseline-20260701-040719-try1-040719	macrunner-hb-callback-target: source=primary-bus pc=0x87efcce5170 module=UnityPlayer.dll base=0x87efc510000 rva=0x7d5170 bytes=4055535741564157488d6c24804881ec
04:18:29	222385	1589	93514	1	1	1	1	0	/Users/timurtoby/Documents/MacRunner/Main/MacRunner/reports/phase4-hollow-knight/laneA-post-e3-long-baseline-20260701-040719-try1-040719	macrunner-hb-callback-target: source=primary-bus pc=0x87efcce5170 module=UnityPlayer.dll base=0x87efc510000 rva=0x7d5170 bytes=4055535741564157488d6c24804881ec
04:18:34	222385	1589	93514	1	1	1	1	0	/Users/timurtoby/Documents/MacRunner/Main/MacRunner/reports/phase4-hollow-knight/laneA-post-e3-long-baseline-20260701-040719-try1-040719	macrunner-hb-callback-target: source=primary-bus pc=0x87efcce5170 module=UnityPlayer.dll base=0x87efc510000 rva=0x7d5170 bytes=4055535741564157488d6c24804881ec
04:18:39	222385	1589	93514	1	1	1	1	0	/Users/timurtoby/Documents/MacRunner/Main/MacRunner/reports/phase4-hollow-knight/laneA-post-e3-long-baseline-20260701-040719-try1-040719	macrunner-hb-callback-target: source=primary-bus pc=0x87efcce5170 module=UnityPlayer.dll base=0x87efc510000 rva=0x7d5170 bytes=4055535741564157488d6c24804881ec
04:18:44	222385	1589	93514	1	1	1	1	0	/Users/timurtoby/Documents/MacRunner/Main/MacRunner/reports/phase4-hollow-knight/laneA-post-e3-long-baseline-20260701-040719-try1-040719	macrunner-hb-callback-target: source=primary-bus pc=0x87efcce5170 module=UnityPlayer.dll base=0x87efc510000 rva=0x7d5170 bytes=4055535741564157488d6c24804881ec
04:18:49	222385	1589	93514	1	1	1	1	0	/Users/timurtoby/Documents/MacRunner/Main/MacRunner/reports/phase4-hollow-knight/laneA-post-e3-long-baseline-20260701-040719-try1-040719	macrunner-hb-callback-target: source=primary-bus pc=0x87efcce5170 module=UnityPlayer.dll base=0x87efc510000 rva=0x7d5170 bytes=4055535741564157488d6c24804881ec
04:18:55	222385	1589	93514	1	1	1	1	0	/Users/timurtoby/Documents/MacRunner/Main/MacRunner/reports/phase4-hollow-knight/laneA-post-e3-long-baseline-20260701-040719-try1-040719	macrunner-hb-callback-target: source=primary-bus pc=0x87efcce5170 module=UnityPlayer.dll base=0x87efc510000 rva=0x7d5170 bytes=4055535741564157488d6c24804881ec
04:19:00	222385	1589	93514	1	1	1	1	0	/Users/timurtoby/Documents/MacRunner/Main/MacRunner/reports/phase4-hollow-knight/laneA-post-e3-long-baseline-20260701-040719-try1-040719	macrunner-hb-callback-target: source=primary-bus pc=0x87efcce5170 module=UnityPlayer.dll base=0x87efc510000 rva=0x7d5170 bytes=4055535741564157488d6c24804881ec
04:19:05	222385	1589	93514	1	1	1	1	0	/Users/timurtoby/Documents/MacRunner/Main/MacRunner/reports/phase4-hollow-knight/laneA-post-e3-long-baseline-20260701-040719-try1-040719	macrunner-hb-callback-target: source=primary-bus pc=0x87efcce5170 module=UnityPlayer.dll base=0x87efc510000 rva=0x7d5170 bytes=4055535741564157488d6c24804881ec
04:19:10	222385	1589	93514	1	1	1	1	0	/Users/timurtoby/Documents/MacRunner/Main/MacRunner/reports/phase4-hollow-knight/laneA-post-e3-long-baseline-20260701-040719-try1-040719	macrunner-hb-callback-target: source=primary-bus pc=0x87efcce5170 module=UnityPlayer.dll base=0x87efc510000 rva=0x7d5170 bytes=4055535741564157488d6c24804881ec
04:19:15	222385	1589	93514	1	1	1	1	0	/Users/timurtoby/Documents/MacRunner/Main/MacRunner/reports/phase4-hollow-knight/laneA-post-e3-long-baseline-20260701-040719-try1-040719	macrunner-hb-callback-target: source=primary-bus pc=0x87efcce5170 module=UnityPlayer.dll base=0x87efc510000 rva=0x7d5170 bytes=4055535741564157488d6c24804881ec
04:19:20	222385	1589	93514	1	1	1	1	0	/Users/timurtoby/Documents/MacRunner/Main/MacRunner/reports/phase4-hollow-knight/laneA-post-e3-long-baseline-20260701-040719-try1-040719	macrunner-hb-callback-target: source=primary-bus pc=0x87efcce5170 module=UnityPlayer.dll base=0x87efc510000 rva=0x7d5170 bytes=4055535741564157488d6c24804881ec
04:19:25	222385	1589	93514	1	1	1	1	0	/Users/timurtoby/Documents/MacRunner/Main/MacRunner/reports/phase4-hollow-knight/laneA-post-e3-long-baseline-20260701-040719-try1-040719	macrunner-hb-callback-target: source=primary-bus pc=0x87efcce5170 module=UnityPlayer.dll base=0x87efc510000 rva=0x7d5170 bytes=4055535741564157488d6c24804881ec
04:19:30	222385	1589	93514	1	1	1	1	0	/Users/timurtoby/Documents/MacRunner/Main/MacRunner/reports/phase4-hollow-knight/laneA-post-e3-long-baseline-20260701-040719-try1-040719	macrunner-hb-callback-target: source=primary-bus pc=0x87efcce5170 module=UnityPlayer.dll base=0x87efc510000 rva=0x7d5170 bytes=4055535741564157488d6c24804881ec
04:19:35	222385	1589	93514	1	1	1	1	0	/Users/timurtoby/Documents/MacRunner/Main/MacRunner/reports/phase4-hollow-knight/laneA-post-e3-long-baseline-20260701-040719-try1-040719	macrunner-hb-callback-target: source=primary-bus pc=0x87efcce5170 module=UnityPlayer.dll base=0x87efc510000 rva=0x7d5170 bytes=4055535741564157488d6c24804881ec
04:19:40	222385	1589	93514	1	1	1	1	0	/Users/timurtoby/Documents/MacRunner/Main/MacRunner/reports/phase4-hollow-knight/laneA-post-e3-long-baseline-20260701-040719-try1-040719	macrunner-hb-callback-target: source=primary-bus pc=0x87efcce5170 module=UnityPlayer.dll base=0x87efc510000 rva=0x7d5170 bytes=4055535741564157488d6c24804881ec
04:19:45	222869	1592	93514	1	1	1	1	0	/Users/timurtoby/Documents/MacRunner/Main/MacRunner/reports/phase4-hollow-knight/laneA-post-e3-long-baseline-20260701-040719-try1-040719	macrunner-hb-ldr-init: phase=after-loader index=49 ctx=000000089EE2FC70 pc=0000087FFF92A810 lr=0000000000000000 sp=000000089EE30000 entry=0000087EFCB39320 arg=0000000320D60EE0
04:19:51	222869	1592	93514	1	1	1	1	0	/Users/timurtoby/Documents/MacRunner/Main/MacRunner/reports/phase4-hollow-knight/laneA-post-e3-long-baseline-20260701-040719-try1-040719	macrunner-hb-ldr-init: phase=after-loader index=49 ctx=000000089EE2FC70 pc=0000087FFF92A810 lr=0000000000000000 sp=000000089EE30000 entry=0000087EFCB39320 arg=0000000320D60EE0
04:19:56	222869	1592	93514	1	1	1	1	0	/Users/timurtoby/Documents/MacRunner/Main/MacRunner/reports/phase4-hollow-knight/laneA-post-e3-long-baseline-20260701-040719-try1-040719	macrunner-hb-ldr-init: phase=after-loader index=49 ctx=000000089EE2FC70 pc=0000087FFF92A810 lr=0000000000000000 sp=000000089EE30000 entry=0000087EFCB39320 arg=0000000320D60EE0
04:20:01	222869	1592	93514	1	1	1	1	0	/Users/timurtoby/Documents/MacRunner/Main/MacRunner/reports/phase4-hollow-knight/laneA-post-e3-long-baseline-20260701-040719-try1-040719	macrunner-hb-ldr-init: phase=after-loader index=49 ctx=000000089EE2FC70 pc=0000087FFF92A810 lr=0000000000000000 sp=000000089EE30000 entry=0000087EFCB39320 arg=0000000320D60EE0
04:20:06	222869	1592	93514	1	1	1	1	0	/Users/timurtoby/Documents/MacRunner/Main/MacRunner/reports/phase4-hollow-knight/laneA-post-e3-long-baseline-20260701-040719-try1-040719	macrunner-hb-ldr-init: phase=after-loader index=49 ctx=000000089EE2FC70 pc=0000087FFF92A810 lr=0000000000000000 sp=000000089EE30000 entry=0000087EFCB39320 arg=0000000320D60EE0
04:20:11	222869	1592	93514	1	1	1	1	0	/Users/timurtoby/Documents/MacRunner/Main/MacRunner/reports/phase4-hollow-knight/laneA-post-e3-long-baseline-20260701-040719-try1-040719	macrunner-hb-ldr-init: phase=after-loader index=49 ctx=000000089EE2FC70 pc=0000087FFF92A810 lr=0000000000000000 sp=000000089EE30000 entry=0000087EFCB39320 arg=0000000320D60EE0
04:20:16	222869	1592	93514	1	1	1	1	0	/Users/timurtoby/Documents/MacRunner/Main/MacRunner/reports/phase4-hollow-knight/laneA-post-e3-long-baseline-20260701-040719-try1-040719	macrunner-hb-ldr-init: phase=after-loader index=49 ctx=000000089EE2FC70 pc=0000087FFF92A810 lr=0000000000000000 sp=000000089EE30000 entry=0000087EFCB39320 arg=0000000320D60EE0
04:20:21	222869	1592	93514	1	1	1	1	0	/Users/timurtoby/Documents/MacRunner/Main/MacRunner/reports/phase4-hollow-knight/laneA-post-e3-long-baseline-20260701-040719-try1-040719	macrunner-hb-ldr-init: phase=after-loader index=49 ctx=000000089EE2FC70 pc=0000087FFF92A810 lr=0000000000000000 sp=000000089EE30000 entry=0000087EFCB39320 arg=0000000320D60EE0
04:20:26	222869	1592	93514	1	1	1	1	0	/Users/timurtoby/Documents/MacRunner/Main/MacRunner/reports/phase4-hollow-knight/laneA-post-e3-long-baseline-20260701-040719-try1-040719	macrunner-hb-ldr-init: phase=after-loader index=49 ctx=000000089EE2FC70 pc=0000087FFF92A810 lr=0000000000000000 sp=000000089EE30000 entry=0000087EFCB39320 arg=0000000320D60EE0
04:20:31	222869	1592	93514	1	1	1	1	0	/Users/timurtoby/Documents/MacRunner/Main/MacRunner/reports/phase4-hollow-knight/laneA-post-e3-long-baseline-20260701-040719-try1-040719	macrunner-hb-ldr-init: phase=after-loader index=49 ctx=000000089EE2FC70 pc=0000087FFF92A810 lr=0000000000000000 sp=000000089EE30000 entry=0000087EFCB39320 arg=0000000320D60EE0
04:20:36	222869	1592	93514	1	1	1	1	0	/Users/timurtoby/Documents/MacRunner/Main/MacRunner/reports/phase4-hollow-knight/laneA-post-e3-long-baseline-20260701-040719-try1-040719	macrunner-hb-ldr-init: phase=after-loader index=49 ctx=000000089EE2FC70 pc=0000087FFF92A810 lr=0000000000000000 sp=000000089EE30000 entry=0000087EFCB39320 arg=0000000320D60EE0
04:20:41	222869	1592	93514	1	1	1	1	0	/Users/timurtoby/Documents/MacRunner/Main/MacRunner/reports/phase4-hollow-knight/laneA-post-e3-long-baseline-20260701-040719-try1-040719	macrunner-hb-ldr-init: phase=after-loader index=49 ctx=000000089EE2FC70 pc=0000087FFF92A810 lr=0000000000000000 sp=000000089EE30000 entry=0000087EFCB39320 arg=0000000320D60EE0
04:20:47	222869	1592	93514	1	1	1	1	0	/Users/timurtoby/Documents/MacRunner/Main/MacRunner/reports/phase4-hollow-knight/laneA-post-e3-long-baseline-20260701-040719-try1-040719	macrunner-hb-ldr-init: phase=after-loader index=49 ctx=000000089EE2FC70 pc=0000087FFF92A810 lr=0000000000000000 sp=000000089EE30000 entry=0000087EFCB39320 arg=0000000320D60EE0
04:20:52	222869	1592	93514	1	1	1	1	0	/Users/timurtoby/Documents/MacRunner/Main/MacRunner/reports/phase4-hollow-knight/laneA-post-e3-long-baseline-20260701-040719-try1-040719	macrunner-hb-ldr-init: phase=after-loader index=49 ctx=000000089EE2FC70 pc=0000087FFF92A810 lr=0000000000000000 sp=000000089EE30000 entry=0000087EFCB39320 arg=0000000320D60EE0
04:20:57	222869	1592	93514	1	1	1	1	0	/Users/timurtoby/Documents/MacRunner/Main/MacRunner/reports/phase4-hollow-knight/laneA-post-e3-long-baseline-20260701-040719-try1-040719	macrunner-hb-ldr-init: phase=after-loader index=49 ctx=000000089EE2FC70 pc=0000087FFF92A810 lr=0000000000000000 sp=000000089EE30000 entry=0000087EFCB39320 arg=0000000320D60EE0
04:21:02	222869	1592	93514	1	1	1	1	0	/Users/timurtoby/Documents/MacRunner/Main/MacRunner/reports/phase4-hollow-knight/laneA-post-e3-long-baseline-20260701-040719-try1-040719	macrunner-hb-ldr-init: phase=after-loader index=49 ctx=000000089EE2FC70 pc=0000087FFF92A810 lr=0000000000000000 sp=000000089EE30000 entry=0000087EFCB39320 arg=0000000320D60EE0
04:21:07	222869	1592	93514	1	1	1	1	0	/Users/timurtoby/Documents/MacRunner/Main/MacRunner/reports/phase4-hollow-knight/laneA-post-e3-long-baseline-20260701-040719-try1-040719	macrunner-hb-ldr-init: phase=after-loader index=49 ctx=000000089EE2FC70 pc=0000087FFF92A810 lr=0000000000000000 sp=000000089EE30000 entry=0000087EFCB39320 arg=0000000320D60EE0
04:21:12	222869	1592	93514	1	1	1	1	0	/Users/timurtoby/Documents/MacRunner/Main/MacRunner/reports/phase4-hollow-knight/laneA-post-e3-long-baseline-20260701-040719-try1-040719	macrunner-hb-ldr-init: phase=after-loader index=49 ctx=000000089EE2FC70 pc=0000087FFF92A810 lr=0000000000000000 sp=000000089EE30000 entry=0000087EFCB39320 arg=0000000320D60EE0
04:21:17	222869	1592	93514	1	1	1	1	0	/Users/timurtoby/Documents/MacRunner/Main/MacRunner/reports/phase4-hollow-knight/laneA-post-e3-long-baseline-20260701-040719-try1-040719	macrunner-hb-ldr-init: phase=after-loader index=49 ctx=000000089EE2FC70 pc=0000087FFF92A810 lr=0000000000000000 sp=000000089EE30000 entry=0000087EFCB39320 arg=0000000320D60EE0
04:21:22	222869	1592	93514	1	1	1	1	0	/Users/timurtoby/Documents/MacRunner/Main/MacRunner/reports/phase4-hollow-knight/laneA-post-e3-long-baseline-20260701-040719-try1-040719	macrunner-hb-ldr-init: phase=after-loader index=49 ctx=000000089EE2FC70 pc=0000087FFF92A810 lr=0000000000000000 sp=000000089EE30000 entry=0000087EFCB39320 arg=0000000320D60EE0
04:21:27	222869	1592	93514	1	1	1	1	0	/Users/timurtoby/Documents/MacRunner/Main/MacRunner/reports/phase4-hollow-knight/laneA-post-e3-long-baseline-20260701-040719-try1-040719	macrunner-hb-ldr-init: phase=after-loader index=49 ctx=000000089EE2FC70 pc=0000087FFF92A810 lr=0000000000000000 sp=000000089EE30000 entry=0000087EFCB39320 arg=0000000320D60EE0
04:21:32	222896	1593	93514	1	1	1	1	0	/Users/timurtoby/Documents/MacRunner/Main/MacRunner/reports/phase4-hollow-knight/laneA-post-e3-long-baseline-20260701-040719-try1-040719	UnloadTime: 723.067000 ms
04:21:38	222896	1593	93514	1	1	1	1	0	/Users/timurtoby/Documents/MacRunner/Main/MacRunner/reports/phase4-hollow-knight/laneA-post-e3-long-baseline-20260701-040719-try1-040719	UnloadTime: 723.067000 ms
04:21:43	222896	1593	93514	1	1	1	1	0	/Users/timurtoby/Documents/MacRunner/Main/MacRunner/reports/phase4-hollow-knight/laneA-post-e3-long-baseline-20260701-040719-try1-040719	UnloadTime: 723.067000 ms
04:21:48	222896	1593	93514	1	1	1	1	0	/Users/timurtoby/Documents/MacRunner/Main/MacRunner/reports/phase4-hollow-knight/laneA-post-e3-long-baseline-20260701-040719-try1-040719	UnloadTime: 723.067000 ms
04:21:53	222896	1593	93514	1	1	1	1	0	/Users/timurtoby/Documents/MacRunner/Main/MacRunner/reports/phase4-hollow-knight/laneA-post-e3-long-baseline-20260701-040719-try1-040719	UnloadTime: 723.067000 ms
04:21:58	222896	1593	93514	1	1	1	1	0	/Users/timurtoby/Documents/MacRunner/Main/MacRunner/reports/phase4-hollow-knight/laneA-post-e3-long-baseline-20260701-040719-try1-040719	UnloadTime: 723.067000 ms
04:22:03	222896	1593	93514	1	1	1	1	0	/Users/timurtoby/Documents/MacRunner/Main/MacRunner/reports/phase4-hollow-knight/laneA-post-e3-long-baseline-20260701-040719-try1-040719	UnloadTime: 723.067000 ms
04:22:08	222896	1593	93514	1	1	1	1	0	/Users/timurtoby/Documents/MacRunner/Main/MacRunner/reports/phase4-hollow-knight/laneA-post-e3-long-baseline-20260701-040719-try1-040719	UnloadTime: 723.067000 ms
04:22:13	222896	1593	93514	1	1	1	1	0	/Users/timurtoby/Documents/MacRunner/Main/MacRunner/reports/phase4-hollow-knight/laneA-post-e3-long-baseline-20260701-040719-try1-040719	UnloadTime: 723.067000 ms
04:22:18	222896	1593	93514	1	1	1	1	0	/Users/timurtoby/Documents/MacRunner/Main/MacRunner/reports/phase4-hollow-knight/laneA-post-e3-long-baseline-20260701-040719-try1-040719	UnloadTime: 723.067000 ms
04:22:23	222896	1593	93514	1	1	1	1	0	/Users/timurtoby/Documents/MacRunner/Main/MacRunner/reports/phase4-hollow-knight/laneA-post-e3-long-baseline-20260701-040719-try1-040719	UnloadTime: 723.067000 ms
04:22:28	222896	1593	93514	1	1	1	1	0	/Users/timurtoby/Documents/MacRunner/Main/MacRunner/reports/phase4-hollow-knight/laneA-post-e3-long-baseline-20260701-040719-try1-040719	UnloadTime: 723.067000 ms
04:22:34	222896	1593	93514	1	1	1	1	0	/Users/timurtoby/Documents/MacRunner/Main/MacRunner/reports/phase4-hollow-knight/laneA-post-e3-long-baseline-20260701-040719-try1-040719	UnloadTime: 723.067000 ms
04:22:39	222896	1593	93514	1	1	1	1	0	/Users/timurtoby/Documents/MacRunner/Main/MacRunner/reports/phase4-hollow-knight/laneA-post-e3-long-baseline-20260701-040719-try1-040719	UnloadTime: 723.067000 ms
04:22:44	222896	1593	93514	1	1	1	1	0	/Users/timurtoby/Documents/MacRunner/Main/MacRunner/reports/phase4-hollow-knight/laneA-post-e3-long-baseline-20260701-040719-try1-040719	UnloadTime: 723.067000 ms
04:22:49	222944	1594	none	1	1	1	1	0	/Users/timurtoby/Documents/MacRunner/Main/MacRunner/reports/phase4-hollow-knight/laneA-post-e3-long-baseline-20260701-040719-try1-040719	[mr-run] exit=143 (prefix auto-removed on exit)
04:22:54	222944	1594	none	1	1	1	1	0	/Users/timurtoby/Documents/MacRunner/Main/MacRunner/reports/phase4-hollow-knight/laneA-post-e3-long-baseline-20260701-040719-try1-040719	[mr-run] exit=143 (prefix auto-removed on exit)
04:22:59	222944	1594	none	1	1	1	1	0	/Users/timurtoby/Documents/MacRunner/Main/MacRunner/reports/phase4-hollow-knight/laneA-post-e3-long-baseline-20260701-040719-try1-040719	[mr-run] exit=143 (prefix auto-removed on exit)
04:23:04	222944	1594	none	1	1	1	1	0	/Users/timurtoby/Documents/MacRunner/Main/MacRunner/reports/phase4-hollow-knight/laneA-post-e3-long-baseline-20260701-040719-try1-040719	[mr-run] exit=143 (prefix auto-removed on exit)
04:23:09	222944	1594	none	1	1	1	1	0	/Users/timurtoby/Documents/MacRunner/Main/MacRunner/reports/phase4-hollow-knight/laneA-post-e3-long-baseline-20260701-040719-try1-040719	[mr-run] exit=143 (prefix auto-removed on exit)
04:23:14	222944	1594	none	1	1	1	1	0	/Users/timurtoby/Documents/MacRunner/Main/MacRunner/reports/phase4-hollow-knight/laneA-post-e3-long-baseline-20260701-040719-try1-040719	[mr-run] exit=143 (prefix auto-removed on exit)
04:23:20	222944	1594	none	1	1	1	1	0	/Users/timurtoby/Documents/MacRunner/Main/MacRunner/reports/phase4-hollow-knight/laneA-post-e3-long-baseline-20260701-040719-try1-040719	[mr-run] exit=143 (prefix auto-removed on exit)
04:23:25	222944	1594	none	1	1	1	1	0	/Users/timurtoby/Documents/MacRunner/Main/MacRunner/reports/phase4-hollow-knight/laneA-post-e3-long-baseline-20260701-040719-try1-040719	[mr-run] exit=143 (prefix auto-removed on exit)
04:23:30	222944	1594	none	1	1	1	1	0	/Users/timurtoby/Documents/MacRunner/Main/MacRunner/reports/phase4-hollow-knight/laneA-post-e3-long-baseline-20260701-040719-try1-040719	[mr-run] exit=143 (prefix auto-removed on exit)
04:23:35	222944	1594	none	1	1	1	1	0	/Users/timurtoby/Documents/MacRunner/Main/MacRunner/reports/phase4-hollow-knight/laneA-post-e3-long-baseline-20260701-040719-try1-040719	[mr-run] exit=143 (prefix auto-removed on exit)
04:23:40	222944	1594	none	1	1	1	1	0	/Users/timurtoby/Documents/MacRunner/Main/MacRunner/reports/phase4-hollow-knight/laneA-post-e3-long-baseline-20260701-040719-try1-040719	[mr-run] exit=143 (prefix auto-removed on exit)
04:23:45	222944	1594	none	1	1	1	1	0	/Users/timurtoby/Documents/MacRunner/Main/MacRunner/reports/phase4-hollow-knight/laneA-post-e3-long-baseline-20260701-040719-try1-040719	[mr-run] exit=143 (prefix auto-removed on exit)
04:23:50	222944	1594	none	1	1	1	1	0	/Users/timurtoby/Documents/MacRunner/Main/MacRunner/reports/phase4-hollow-knight/laneA-post-e3-long-baseline-20260701-040719-try1-040719	[mr-run] exit=143 (prefix auto-removed on exit)
04:23:55	222944	1594	none	1	1	1	1	0	/Users/timurtoby/Documents/MacRunner/Main/MacRunner/reports/phase4-hollow-knight/laneA-post-e3-long-baseline-20260701-040719-try1-040719	[mr-run] exit=143 (prefix auto-removed on exit)
04:24:00	222944	1594	none	1	1	1	1	0	/Users/timurtoby/Documents/MacRunner/Main/MacRunner/reports/phase4-hollow-knight/laneA-post-e3-long-baseline-20260701-040719-try1-040719	[mr-run] exit=143 (prefix auto-removed on exit)
04:24:05	222944	1594	none	1	1	1	1	0	/Users/timurtoby/Documents/MacRunner/Main/MacRunner/reports/phase4-hollow-knight/laneA-post-e3-long-baseline-20260701-040719-try1-040719	[mr-run] exit=143 (prefix auto-removed on exit)
04:24:11	222944	1594	none	1	1	1	1	0	/Users/timurtoby/Documents/MacRunner/Main/MacRunner/reports/phase4-hollow-knight/laneA-post-e3-long-baseline-20260701-040719-try1-040719	[mr-run] exit=143 (prefix auto-removed on exit)
04:24:16	222944	1594	none	1	1	1	1	0	/Users/timurtoby/Documents/MacRunner/Main/MacRunner/reports/phase4-hollow-knight/laneA-post-e3-long-baseline-20260701-040719-try1-040719	[mr-run] exit=143 (prefix auto-removed on exit)
04:24:21	222944	1594	none	1	1	1	1	0	/Users/timurtoby/Documents/MacRunner/Main/MacRunner/reports/phase4-hollow-knight/laneA-post-e3-long-baseline-20260701-040719-try1-040719	[mr-run] exit=143 (prefix auto-removed on exit)
04:24:26	222944	1594	none	1	1	1	1	0	/Users/timurtoby/Documents/MacRunner/Main/MacRunner/reports/phase4-hollow-knight/laneA-post-e3-long-baseline-20260701-040719-try1-040719	[mr-run] exit=143 (prefix auto-removed on exit)
04:24:31	222944	1594	none	1	1	1	1	0	/Users/timurtoby/Documents/MacRunner/Main/MacRunner/reports/phase4-hollow-knight/laneA-post-e3-long-baseline-20260701-040719-try1-040719	[mr-run] exit=143 (prefix auto-removed on exit)
04:24:36	222944	1594	none	1	1	1	1	0	/Users/timurtoby/Documents/MacRunner/Main/MacRunner/reports/phase4-hollow-knight/laneA-post-e3-long-baseline-20260701-040719-try1-040719	[mr-run] exit=143 (prefix auto-removed on exit)
04:24:41	222944	1594	none	1	1	1	1	0	/Users/timurtoby/Documents/MacRunner/Main/MacRunner/reports/phase4-hollow-knight/laneA-post-e3-long-baseline-20260701-040719-try1-040719	[mr-run] exit=143 (prefix auto-removed on exit)
04:24:46	222944	1594	none	1	1	1	1	0	/Users/timurtoby/Documents/MacRunner/Main/MacRunner/reports/phase4-hollow-knight/laneA-post-e3-long-baseline-20260701-040719-try1-040719	[mr-run] exit=143 (prefix auto-removed on exit)
04:24:51	222944	1594	none	1	1	1	1	0	/Users/timurtoby/Documents/MacRunner/Main/MacRunner/reports/phase4-hollow-knight/laneA-post-e3-long-baseline-20260701-040719-try1-040719	[mr-run] exit=143 (prefix auto-removed on exit)
04:24:57	222944	1594	none	1	1	1	1	0	/Users/timurtoby/Documents/MacRunner/Main/MacRunner/reports/phase4-hollow-knight/laneA-post-e3-long-baseline-20260701-040719-try1-040719	[mr-run] exit=143 (prefix auto-removed on exit)
04:25:02	222944	1594	none	1	1	1	1	0	/Users/timurtoby/Documents/MacRunner/Main/MacRunner/reports/phase4-hollow-knight/laneA-post-e3-long-baseline-20260701-040719-try1-040719	[mr-run] exit=143 (prefix auto-removed on exit)
04:25:07	222944	1594	none	1	1	1	1	0	/Users/timurtoby/Documents/MacRunner/Main/MacRunner/reports/phase4-hollow-knight/laneA-post-e3-long-baseline-20260701-040719-try1-040719	[mr-run] exit=143 (prefix auto-removed on exit)
04:25:12	222944	1594	none	1	1	1	1	0	/Users/timurtoby/Documents/MacRunner/Main/MacRunner/reports/phase4-hollow-knight/laneA-post-e3-long-baseline-20260701-040719-try1-040719	[mr-run] exit=143 (prefix auto-removed on exit)
04:25:17	222944	1594	none	1	1	1	1	0	/Users/timurtoby/Documents/MacRunner/Main/MacRunner/reports/phase4-hollow-knight/laneA-post-e3-long-baseline-20260701-040719-try1-040719	[mr-run] exit=143 (prefix auto-removed on exit)
04:25:22	222944	1594	none	1	1	1	1	0	/Users/timurtoby/Documents/MacRunner/Main/MacRunner/reports/phase4-hollow-knight/laneA-post-e3-long-baseline-20260701-040719-try1-040719	[mr-run] exit=143 (prefix auto-removed on exit)
04:25:27	222944	1594	none	1	1	1	1	0	/Users/timurtoby/Documents/MacRunner/Main/MacRunner/reports/phase4-hollow-knight/laneA-post-e3-long-baseline-20260701-040719-try1-040719	[mr-run] exit=143 (prefix auto-removed on exit)
04:25:32	222944	1594	none	1	1	1	1	0	/Users/timurtoby/Documents/MacRunner/Main/MacRunner/reports/phase4-hollow-knight/laneA-post-e3-long-baseline-20260701-040719-try1-040719	[mr-run] exit=143 (prefix auto-removed on exit)
