03:58:48	0	0	none	0	0	0		
03:58:53	49958	357	none	0	0	0	/Users/timurtoby/Documents/MacRunner/Main/MacRunner/reports/phase4-hollow-knight/laneA-post-e3-directmem-20260701-035848-try1-035848	synced artifacts/_mr-run.jtj7mS/drive_c/windows/system32/olecli32.dll <= engine/wine/dist-arm64ec-spike/lib/wine/x86_64-windows/olecli32.dll
03:58:58	106438	753	none	0	0	0	/Users/timurtoby/Documents/MacRunner/Main/MacRunner/reports/phase4-hollow-knight/laneA-post-e3-directmem-20260701-035848-try1-035848	synced artifacts/_mr-run.jtj7mS/drive_c/windows/syswow64/dmime.dll <= engine/wine/dist-arm64ec-spike/lib/wine/i386-windows/dmime.dll
03:59:03	161449	1146	none	0	0	0	/Users/timurtoby/Documents/MacRunner/Main/MacRunner/reports/phase4-hollow-knight/laneA-post-e3-directmem-20260701-035848-try1-035848	synced artifacts/_mr-run.jtj7mS/drive_c/windows/syswow64/wintrust.dll <= engine/wine/dist-arm64ec-spike/lib/wine/i386-windows/wintrust.dll
03:59:08	174698	1241	none	0	0	0	/Users/timurtoby/Documents/MacRunner/Main/MacRunner/reports/phase4-hollow-knight/laneA-post-e3-directmem-20260701-035848-try1-035848	[mr-run] starting services.exe + rpcss.exe (standalone) → epmapper + ncalrpc:[irpcss]
03:59:13	176851	1259	73230,73288	0	0	0	/Users/timurtoby/Documents/MacRunner/Main/MacRunner/reports/phase4-hollow-knight/laneA-post-e3-directmem-20260701-035848-try1-035848	macrunner-hb-arm64x-native-import-prefix: module=L"kernel32.dll" dll=kernelbase.dll import=__chkstk slot=0000087EFC260000 target=0000087FFF92A500 native=0000087EFE630000
03:59:18	178342	1268	73230,73288	0	0	0	/Users/timurtoby/Documents/MacRunner/Main/MacRunner/reports/phase4-hollow-knight/laneA-post-e3-directmem-20260701-035848-try1-035848	macrunner-hb-arm64x-native-import-prefix: module=L"ole32.dll" dll=kernelbase.dll import=__chkstk slot=0000087EF8B505F8 target=0000087FFF92A500 native=0000087EFE630000
03:59:23	182622	1293	73230,73288	0	0	0	/Users/timurtoby/Documents/MacRunner/Main/MacRunner/reports/phase4-hollow-knight/laneA-post-e3-directmem-20260701-035848-try1-035848	macrunner-hb-arm64x-native-import-prefix: module=L"CRYPT32.dll" dll=kernel32.dll import=RtlUnwind slot=0000087EF1BA0330 target=0000087FFF938900 native=0000087EFC1E0000
03:59:29	188419	1349	73288	0	0	0	/Users/timurtoby/Documents/MacRunner/Main/MacRunner/reports/phase4-hollow-knight/laneA-post-e3-directmem-20260701-035848-try1-035848	Mono config path = 'Z:/Users/timurtoby/Documents/MacRunner/Main/game-hollow.knight-(89718)/extracted-hollow-knight-1.5.12620/MonoBleedingEdge/etc'
03:59:34	188419	1349	73288	0	0	0	/Users/timurtoby/Documents/MacRunner/Main/MacRunner/reports/phase4-hollow-knight/laneA-post-e3-directmem-20260701-035848-try1-035848	Mono config path = 'Z:/Users/timurtoby/Documents/MacRunner/Main/game-hollow.knight-(89718)/extracted-hollow-knight-1.5.12620/MonoBleedingEdge/etc'
03:59:39	188419	1349	73288	0	0	0	/Users/timurtoby/Documents/MacRunner/Main/MacRunner/reports/phase4-hollow-knight/laneA-post-e3-directmem-20260701-035848-try1-035848	Mono config path = 'Z:/Users/timurtoby/Documents/MacRunner/Main/game-hollow.knight-(89718)/extracted-hollow-knight-1.5.12620/MonoBleedingEdge/etc'
03:59:44	188419	1349	73288	0	0	0	/Users/timurtoby/Documents/MacRunner/Main/MacRunner/reports/phase4-hollow-knight/laneA-post-e3-directmem-20260701-035848-try1-035848	Mono config path = 'Z:/Users/timurtoby/Documents/MacRunner/Main/game-hollow.knight-(89718)/extracted-hollow-knight-1.5.12620/MonoBleedingEdge/etc'
03:59:49	188419	1349	73288	0	0	0	/Users/timurtoby/Documents/MacRunner/Main/MacRunner/reports/phase4-hollow-knight/laneA-post-e3-directmem-20260701-035848-try1-035848	Mono config path = 'Z:/Users/timurtoby/Documents/MacRunner/Main/game-hollow.knight-(89718)/extracted-hollow-knight-1.5.12620/MonoBleedingEdge/etc'
03:59:54	188419	1349	73288	0	0	0	/Users/timurtoby/Documents/MacRunner/Main/MacRunner/reports/phase4-hollow-knight/laneA-post-e3-directmem-20260701-035848-try1-035848	Mono config path = 'Z:/Users/timurtoby/Documents/MacRunner/Main/game-hollow.knight-(89718)/extracted-hollow-knight-1.5.12620/MonoBleedingEdge/etc'
03:59:59	188419	1349	73288	0	0	0	/Users/timurtoby/Documents/MacRunner/Main/MacRunner/reports/phase4-hollow-knight/laneA-post-e3-directmem-20260701-035848-try1-035848	Mono config path = 'Z:/Users/timurtoby/Documents/MacRunner/Main/game-hollow.knight-(89718)/extracted-hollow-knight-1.5.12620/MonoBleedingEdge/etc'
04:00:04	188419	1349	73288	0	0	0	/Users/timurtoby/Documents/MacRunner/Main/MacRunner/reports/phase4-hollow-knight/laneA-post-e3-directmem-20260701-035848-try1-035848	Mono config path = 'Z:/Users/timurtoby/Documents/MacRunner/Main/game-hollow.knight-(89718)/extracted-hollow-knight-1.5.12620/MonoBleedingEdge/etc'
04:00:09	188419	1349	73288	0	0	0	/Users/timurtoby/Documents/MacRunner/Main/MacRunner/reports/phase4-hollow-knight/laneA-post-e3-directmem-20260701-035848-try1-035848	Mono config path = 'Z:/Users/timurtoby/Documents/MacRunner/Main/game-hollow.knight-(89718)/extracted-hollow-knight-1.5.12620/MonoBleedingEdge/etc'
04:00:14	188419	1349	73288	0	0	0	/Users/timurtoby/Documents/MacRunner/Main/MacRunner/reports/phase4-hollow-knight/laneA-post-e3-directmem-20260701-035848-try1-035848	Mono config path = 'Z:/Users/timurtoby/Documents/MacRunner/Main/game-hollow.knight-(89718)/extracted-hollow-knight-1.5.12620/MonoBleedingEdge/etc'
04:00:19	188419	1349	73288	0	0	0	/Users/timurtoby/Documents/MacRunner/Main/MacRunner/reports/phase4-hollow-knight/laneA-post-e3-directmem-20260701-035848-try1-035848	Mono config path = 'Z:/Users/timurtoby/Documents/MacRunner/Main/game-hollow.knight-(89718)/extracted-hollow-knight-1.5.12620/MonoBleedingEdge/etc'
04:00:24	188419	1349	73288	0	0	0	/Users/timurtoby/Documents/MacRunner/Main/MacRunner/reports/phase4-hollow-knight/laneA-post-e3-directmem-20260701-035848-try1-035848	Mono config path = 'Z:/Users/timurtoby/Documents/MacRunner/Main/game-hollow.knight-(89718)/extracted-hollow-knight-1.5.12620/MonoBleedingEdge/etc'
04:00:30	188419	1349	73288	0	0	0	/Users/timurtoby/Documents/MacRunner/Main/MacRunner/reports/phase4-hollow-knight/laneA-post-e3-directmem-20260701-035848-try1-035848	Mono config path = 'Z:/Users/timurtoby/Documents/MacRunner/Main/game-hollow.knight-(89718)/extracted-hollow-knight-1.5.12620/MonoBleedingEdge/etc'
04:00:35	188419	1349	73288	0	0	0	/Users/timurtoby/Documents/MacRunner/Main/MacRunner/reports/phase4-hollow-knight/laneA-post-e3-directmem-20260701-035848-try1-035848	Mono config path = 'Z:/Users/timurtoby/Documents/MacRunner/Main/game-hollow.knight-(89718)/extracted-hollow-knight-1.5.12620/MonoBleedingEdge/etc'
04:00:40	188419	1349	73288	0	0	0	/Users/timurtoby/Documents/MacRunner/Main/MacRunner/reports/phase4-hollow-knight/laneA-post-e3-directmem-20260701-035848-try1-035848	Mono config path = 'Z:/Users/timurtoby/Documents/MacRunner/Main/game-hollow.knight-(89718)/extracted-hollow-knight-1.5.12620/MonoBleedingEdge/etc'
04:00:45	188419	1349	73288	0	0	0	/Users/timurtoby/Documents/MacRunner/Main/MacRunner/reports/phase4-hollow-knight/laneA-post-e3-directmem-20260701-035848-try1-035848	Mono config path = 'Z:/Users/timurtoby/Documents/MacRunner/Main/game-hollow.knight-(89718)/extracted-hollow-knight-1.5.12620/MonoBleedingEdge/etc'
04:00:50	188419	1349	73288	0	0	0	/Users/timurtoby/Documents/MacRunner/Main/MacRunner/reports/phase4-hollow-knight/laneA-post-e3-directmem-20260701-035848-try1-035848	Mono config path = 'Z:/Users/timurtoby/Documents/MacRunner/Main/game-hollow.knight-(89718)/extracted-hollow-knight-1.5.12620/MonoBleedingEdge/etc'
04:00:55	188419	1349	73288	0	0	0	/Users/timurtoby/Documents/MacRunner/Main/MacRunner/reports/phase4-hollow-knight/laneA-post-e3-directmem-20260701-035848-try1-035848	Mono config path = 'Z:/Users/timurtoby/Documents/MacRunner/Main/game-hollow.knight-(89718)/extracted-hollow-knight-1.5.12620/MonoBleedingEdge/etc'
04:01:00	188419	1349	73288	0	0	0	/Users/timurtoby/Documents/MacRunner/Main/MacRunner/reports/phase4-hollow-knight/laneA-post-e3-directmem-20260701-035848-try1-035848	Mono config path = 'Z:/Users/timurtoby/Documents/MacRunner/Main/game-hollow.knight-(89718)/extracted-hollow-knight-1.5.12620/MonoBleedingEdge/etc'
04:01:05	188419	1349	73288	0	0	0	/Users/timurtoby/Documents/MacRunner/Main/MacRunner/reports/phase4-hollow-knight/laneA-post-e3-directmem-20260701-035848-try1-035848	Mono config path = 'Z:/Users/timurtoby/Documents/MacRunner/Main/game-hollow.knight-(89718)/extracted-hollow-knight-1.5.12620/MonoBleedingEdge/etc'
04:01:11	188419	1349	73288	0	0	0	/Users/timurtoby/Documents/MacRunner/Main/MacRunner/reports/phase4-hollow-knight/laneA-post-e3-directmem-20260701-035848-try1-035848	Mono config path = 'Z:/Users/timurtoby/Documents/MacRunner/Main/game-hollow.knight-(89718)/extracted-hollow-knight-1.5.12620/MonoBleedingEdge/etc'
04:01:16	188419	1349	73288	0	0	0	/Users/timurtoby/Documents/MacRunner/Main/MacRunner/reports/phase4-hollow-knight/laneA-post-e3-directmem-20260701-035848-try1-035848	Mono config path = 'Z:/Users/timurtoby/Documents/MacRunner/Main/game-hollow.knight-(89718)/extracted-hollow-knight-1.5.12620/MonoBleedingEdge/etc'
04:01:21	188419	1349	73288	0	0	0	/Users/timurtoby/Documents/MacRunner/Main/MacRunner/reports/phase4-hollow-knight/laneA-post-e3-directmem-20260701-035848-try1-035848	Mono config path = 'Z:/Users/timurtoby/Documents/MacRunner/Main/game-hollow.knight-(89718)/extracted-hollow-knight-1.5.12620/MonoBleedingEdge/etc'
04:01:26	188419	1349	73288	0	0	0	/Users/timurtoby/Documents/MacRunner/Main/MacRunner/reports/phase4-hollow-knight/laneA-post-e3-directmem-20260701-035848-try1-035848	Mono config path = 'Z:/Users/timurtoby/Documents/MacRunner/Main/game-hollow.knight-(89718)/extracted-hollow-knight-1.5.12620/MonoBleedingEdge/etc'
04:01:31	188419	1349	73288	0	0	0	/Users/timurtoby/Documents/MacRunner/Main/MacRunner/reports/phase4-hollow-knight/laneA-post-e3-directmem-20260701-035848-try1-035848	Mono config path = 'Z:/Users/timurtoby/Documents/MacRunner/Main/game-hollow.knight-(89718)/extracted-hollow-knight-1.5.12620/MonoBleedingEdge/etc'
04:01:36	188419	1349	73288	0	0	0	/Users/timurtoby/Documents/MacRunner/Main/MacRunner/reports/phase4-hollow-knight/laneA-post-e3-directmem-20260701-035848-try1-035848	Mono config path = 'Z:/Users/timurtoby/Documents/MacRunner/Main/game-hollow.knight-(89718)/extracted-hollow-knight-1.5.12620/MonoBleedingEdge/etc'
04:01:41	188419	1349	73288	0	0	0	/Users/timurtoby/Documents/MacRunner/Main/MacRunner/reports/phase4-hollow-knight/laneA-post-e3-directmem-20260701-035848-try1-035848	Mono config path = 'Z:/Users/timurtoby/Documents/MacRunner/Main/game-hollow.knight-(89718)/extracted-hollow-knight-1.5.12620/MonoBleedingEdge/etc'
04:01:46	188419	1349	73288	0	0	0	/Users/timurtoby/Documents/MacRunner/Main/MacRunner/reports/phase4-hollow-knight/laneA-post-e3-directmem-20260701-035848-try1-035848	Mono config path = 'Z:/Users/timurtoby/Documents/MacRunner/Main/game-hollow.knight-(89718)/extracted-hollow-knight-1.5.12620/MonoBleedingEdge/etc'
04:01:51	188419	1349	73288	0	0	0	/Users/timurtoby/Documents/MacRunner/Main/MacRunner/reports/phase4-hollow-knight/laneA-post-e3-directmem-20260701-035848-try1-035848	Mono config path = 'Z:/Users/timurtoby/Documents/MacRunner/Main/game-hollow.knight-(89718)/extracted-hollow-knight-1.5.12620/MonoBleedingEdge/etc'
04:01:56	188419	1349	73288	0	0	0	/Users/timurtoby/Documents/MacRunner/Main/MacRunner/reports/phase4-hollow-knight/laneA-post-e3-directmem-20260701-035848-try1-035848	Mono config path = 'Z:/Users/timurtoby/Documents/MacRunner/Main/game-hollow.knight-(89718)/extracted-hollow-knight-1.5.12620/MonoBleedingEdge/etc'
04:02:01	188419	1349	73288	0	0	0	/Users/timurtoby/Documents/MacRunner/Main/MacRunner/reports/phase4-hollow-knight/laneA-post-e3-directmem-20260701-035848-try1-035848	Mono config path = 'Z:/Users/timurtoby/Documents/MacRunner/Main/game-hollow.knight-(89718)/extracted-hollow-knight-1.5.12620/MonoBleedingEdge/etc'
04:02:07	188419	1349	73288	0	0	0	/Users/timurtoby/Documents/MacRunner/Main/MacRunner/reports/phase4-hollow-knight/laneA-post-e3-directmem-20260701-035848-try1-035848	Mono config path = 'Z:/Users/timurtoby/Documents/MacRunner/Main/game-hollow.knight-(89718)/extracted-hollow-knight-1.5.12620/MonoBleedingEdge/etc'
04:02:12	188419	1349	73288	0	0	0	/Users/timurtoby/Documents/MacRunner/Main/MacRunner/reports/phase4-hollow-knight/laneA-post-e3-directmem-20260701-035848-try1-035848	Mono config path = 'Z:/Users/timurtoby/Documents/MacRunner/Main/game-hollow.knight-(89718)/extracted-hollow-knight-1.5.12620/MonoBleedingEdge/etc'
04:02:17	188419	1349	73288	0	0	0	/Users/timurtoby/Documents/MacRunner/Main/MacRunner/reports/phase4-hollow-knight/laneA-post-e3-directmem-20260701-035848-try1-035848	Mono config path = 'Z:/Users/timurtoby/Documents/MacRunner/Main/game-hollow.knight-(89718)/extracted-hollow-knight-1.5.12620/MonoBleedingEdge/etc'
04:02:22	188419	1349	73288	0	0	0	/Users/timurtoby/Documents/MacRunner/Main/MacRunner/reports/phase4-hollow-knight/laneA-post-e3-directmem-20260701-035848-try1-035848	Mono config path = 'Z:/Users/timurtoby/Documents/MacRunner/Main/game-hollow.knight-(89718)/extracted-hollow-knight-1.5.12620/MonoBleedingEdge/etc'
04:02:27	188419	1349	73288	0	0	0	/Users/timurtoby/Documents/MacRunner/Main/MacRunner/reports/phase4-hollow-knight/laneA-post-e3-directmem-20260701-035848-try1-035848	Mono config path = 'Z:/Users/timurtoby/Documents/MacRunner/Main/game-hollow.knight-(89718)/extracted-hollow-knight-1.5.12620/MonoBleedingEdge/etc'
04:02:32	188419	1349	73288	0	0	0	/Users/timurtoby/Documents/MacRunner/Main/MacRunner/reports/phase4-hollow-knight/laneA-post-e3-directmem-20260701-035848-try1-035848	Mono config path = 'Z:/Users/timurtoby/Documents/MacRunner/Main/game-hollow.knight-(89718)/extracted-hollow-knight-1.5.12620/MonoBleedingEdge/etc'
04:02:37	188419	1349	73288	0	0	0	/Users/timurtoby/Documents/MacRunner/Main/MacRunner/reports/phase4-hollow-knight/laneA-post-e3-directmem-20260701-035848-try1-035848	Mono config path = 'Z:/Users/timurtoby/Documents/MacRunner/Main/game-hollow.knight-(89718)/extracted-hollow-knight-1.5.12620/MonoBleedingEdge/etc'
04:02:42	188419	1349	73288	0	0	0	/Users/timurtoby/Documents/MacRunner/Main/MacRunner/reports/phase4-hollow-knight/laneA-post-e3-directmem-20260701-035848-try1-035848	Mono config path = 'Z:/Users/timurtoby/Documents/MacRunner/Main/game-hollow.knight-(89718)/extracted-hollow-knight-1.5.12620/MonoBleedingEdge/etc'
04:02:47	188419	1349	73288	0	0	0	/Users/timurtoby/Documents/MacRunner/Main/MacRunner/reports/phase4-hollow-knight/laneA-post-e3-directmem-20260701-035848-try1-035848	Mono config path = 'Z:/Users/timurtoby/Documents/MacRunner/Main/game-hollow.knight-(89718)/extracted-hollow-knight-1.5.12620/MonoBleedingEdge/etc'
04:02:52	188419	1349	73288	0	0	0	/Users/timurtoby/Documents/MacRunner/Main/MacRunner/reports/phase4-hollow-knight/laneA-post-e3-directmem-20260701-035848-try1-035848	Mono config path = 'Z:/Users/timurtoby/Documents/MacRunner/Main/game-hollow.knight-(89718)/extracted-hollow-knight-1.5.12620/MonoBleedingEdge/etc'
04:02:57	188419	1349	73288	0	0	0	/Users/timurtoby/Documents/MacRunner/Main/MacRunner/reports/phase4-hollow-knight/laneA-post-e3-directmem-20260701-035848-try1-035848	Mono config path = 'Z:/Users/timurtoby/Documents/MacRunner/Main/game-hollow.knight-(89718)/extracted-hollow-knight-1.5.12620/MonoBleedingEdge/etc'
04:03:02	188419	1349	73288	0	0	0	/Users/timurtoby/Documents/MacRunner/Main/MacRunner/reports/phase4-hollow-knight/laneA-post-e3-directmem-20260701-035848-try1-035848	Mono config path = 'Z:/Users/timurtoby/Documents/MacRunner/Main/game-hollow.knight-(89718)/extracted-hollow-knight-1.5.12620/MonoBleedingEdge/etc'
04:03:08	188419	1349	73288	0	0	0	/Users/timurtoby/Documents/MacRunner/Main/MacRunner/reports/phase4-hollow-knight/laneA-post-e3-directmem-20260701-035848-try1-035848	Mono config path = 'Z:/Users/timurtoby/Documents/MacRunner/Main/game-hollow.knight-(89718)/extracted-hollow-knight-1.5.12620/MonoBleedingEdge/etc'
04:03:13	188419	1349	73288	0	0	0	/Users/timurtoby/Documents/MacRunner/Main/MacRunner/reports/phase4-hollow-knight/laneA-post-e3-directmem-20260701-035848-try1-035848	Mono config path = 'Z:/Users/timurtoby/Documents/MacRunner/Main/game-hollow.knight-(89718)/extracted-hollow-knight-1.5.12620/MonoBleedingEdge/etc'
04:03:18	188419	1349	73288	0	0	0	/Users/timurtoby/Documents/MacRunner/Main/MacRunner/reports/phase4-hollow-knight/laneA-post-e3-directmem-20260701-035848-try1-035848	Mono config path = 'Z:/Users/timurtoby/Documents/MacRunner/Main/game-hollow.knight-(89718)/extracted-hollow-knight-1.5.12620/MonoBleedingEdge/etc'
04:03:23	188419	1349	73288	0	0	0	/Users/timurtoby/Documents/MacRunner/Main/MacRunner/reports/phase4-hollow-knight/laneA-post-e3-directmem-20260701-035848-try1-035848	Mono config path = 'Z:/Users/timurtoby/Documents/MacRunner/Main/game-hollow.knight-(89718)/extracted-hollow-knight-1.5.12620/MonoBleedingEdge/etc'
04:03:28	188419	1349	73288,75741,75742	0	0	0	/Users/timurtoby/Documents/MacRunner/Main/MacRunner/reports/phase4-hollow-knight/laneA-post-e3-directmem-20260701-035848-try1-035848	Mono config path = 'Z:/Users/timurtoby/Documents/MacRunner/Main/game-hollow.knight-(89718)/extracted-hollow-knight-1.5.12620/MonoBleedingEdge/etc'
04:03:33	188419	1349	73288,75741,75742	0	0	0	/Users/timurtoby/Documents/MacRunner/Main/MacRunner/reports/phase4-hollow-knight/laneA-post-e3-directmem-20260701-035848-try1-035848	Mono config path = 'Z:/Users/timurtoby/Documents/MacRunner/Main/game-hollow.knight-(89718)/extracted-hollow-knight-1.5.12620/MonoBleedingEdge/etc'
04:03:38	188419	1349	73288	0	0	0	/Users/timurtoby/Documents/MacRunner/Main/MacRunner/reports/phase4-hollow-knight/laneA-post-e3-directmem-20260701-035848-try1-035848	Mono config path = 'Z:/Users/timurtoby/Documents/MacRunner/Main/game-hollow.knight-(89718)/extracted-hollow-knight-1.5.12620/MonoBleedingEdge/etc'
04:03:43	188419	1349	73288	0	0	0	/Users/timurtoby/Documents/MacRunner/Main/MacRunner/reports/phase4-hollow-knight/laneA-post-e3-directmem-20260701-035848-try1-035848	Mono config path = 'Z:/Users/timurtoby/Documents/MacRunner/Main/game-hollow.knight-(89718)/extracted-hollow-knight-1.5.12620/MonoBleedingEdge/etc'
04:03:48	188419	1349	73288	0	0	0	/Users/timurtoby/Documents/MacRunner/Main/MacRunner/reports/phase4-hollow-knight/laneA-post-e3-directmem-20260701-035848-try1-035848	Mono config path = 'Z:/Users/timurtoby/Documents/MacRunner/Main/game-hollow.knight-(89718)/extracted-hollow-knight-1.5.12620/MonoBleedingEdge/etc'
04:03:53	188419	1349	73288	0	0	0	/Users/timurtoby/Documents/MacRunner/Main/MacRunner/reports/phase4-hollow-knight/laneA-post-e3-directmem-20260701-035848-try1-035848	Mono config path = 'Z:/Users/timurtoby/Documents/MacRunner/Main/game-hollow.knight-(89718)/extracted-hollow-knight-1.5.12620/MonoBleedingEdge/etc'
04:03:58	188419	1349	73288	0	0	0	/Users/timurtoby/Documents/MacRunner/Main/MacRunner/reports/phase4-hollow-knight/laneA-post-e3-directmem-20260701-035848-try1-035848	Mono config path = 'Z:/Users/timurtoby/Documents/MacRunner/Main/game-hollow.knight-(89718)/extracted-hollow-knight-1.5.12620/MonoBleedingEdge/etc'
04:04:03	188419	1349	73288	0	0	0	/Users/timurtoby/Documents/MacRunner/Main/MacRunner/reports/phase4-hollow-knight/laneA-post-e3-directmem-20260701-035848-try1-035848	Mono config path = 'Z:/Users/timurtoby/Documents/MacRunner/Main/game-hollow.knight-(89718)/extracted-hollow-knight-1.5.12620/MonoBleedingEdge/etc'
04:04:09	188419	1349	73288	0	0	0	/Users/timurtoby/Documents/MacRunner/Main/MacRunner/reports/phase4-hollow-knight/laneA-post-e3-directmem-20260701-035848-try1-035848	Mono config path = 'Z:/Users/timurtoby/Documents/MacRunner/Main/game-hollow.knight-(89718)/extracted-hollow-knight-1.5.12620/MonoBleedingEdge/etc'
04:04:14	188419	1349	73288	0	0	0	/Users/timurtoby/Documents/MacRunner/Main/MacRunner/reports/phase4-hollow-knight/laneA-post-e3-directmem-20260701-035848-try1-035848	Mono config path = 'Z:/Users/timurtoby/Documents/MacRunner/Main/game-hollow.knight-(89718)/extracted-hollow-knight-1.5.12620/MonoBleedingEdge/etc'
04:04:19	188419	1349	73288	0	0	0	/Users/timurtoby/Documents/MacRunner/Main/MacRunner/reports/phase4-hollow-knight/laneA-post-e3-directmem-20260701-035848-try1-035848	Mono config path = 'Z:/Users/timurtoby/Documents/MacRunner/Main/game-hollow.knight-(89718)/extracted-hollow-knight-1.5.12620/MonoBleedingEdge/etc'
04:04:24	188419	1349	73288,76315	0	0	0	/Users/timurtoby/Documents/MacRunner/Main/MacRunner/reports/phase4-hollow-knight/laneA-post-e3-directmem-20260701-035848-try1-035848	Mono config path = 'Z:/Users/timurtoby/Documents/MacRunner/Main/game-hollow.knight-(89718)/extracted-hollow-knight-1.5.12620/MonoBleedingEdge/etc'
04:04:29	188419	1349	73288	0	0	0	/Users/timurtoby/Documents/MacRunner/Main/MacRunner/reports/phase4-hollow-knight/laneA-post-e3-directmem-20260701-035848-try1-035848	Mono config path = 'Z:/Users/timurtoby/Documents/MacRunner/Main/game-hollow.knight-(89718)/extracted-hollow-knight-1.5.12620/MonoBleedingEdge/etc'
04:04:34	188419	1349	73288,78008,78049,78065,78073,78088,78100,78112,78126	0	0	0	/Users/timurtoby/Documents/MacRunner/Main/MacRunner/reports/phase4-hollow-knight/laneA-post-e3-directmem-20260701-035848-try1-035848	Mono config path = 'Z:/Users/timurtoby/Documents/MacRunner/Main/game-hollow.knight-(89718)/extracted-hollow-knight-1.5.12620/MonoBleedingEdge/etc'
04:04:40	188419	1349	73288,78340,78357,78364,78388,78400,78401,78413,78414,78425,78426	0	0	0	/Users/timurtoby/Documents/MacRunner/Main/MacRunner/reports/phase4-hollow-knight/laneA-post-e3-directmem-20260701-035848-try1-035848	Mono config path = 'Z:/Users/timurtoby/Documents/MacRunner/Main/game-hollow.knight-(89718)/extracted-hollow-knight-1.5.12620/MonoBleedingEdge/etc'
04:04:45	188419	1349	73288,78388	0	0	0	/Users/timurtoby/Documents/MacRunner/Main/MacRunner/reports/phase4-hollow-knight/laneA-post-e3-directmem-20260701-035848-try1-035848	Mono config path = 'Z:/Users/timurtoby/Documents/MacRunner/Main/game-hollow.knight-(89718)/extracted-hollow-knight-1.5.12620/MonoBleedingEdge/etc'
04:04:50	188419	1349	73288,78764	0	0	0	/Users/timurtoby/Documents/MacRunner/Main/MacRunner/reports/phase4-hollow-knight/laneA-post-e3-directmem-20260701-035848-try1-035848	Mono config path = 'Z:/Users/timurtoby/Documents/MacRunner/Main/game-hollow.knight-(89718)/extracted-hollow-knight-1.5.12620/MonoBleedingEdge/etc'
04:04:55	188419	1349	73288,79907,79928,79929,79942,79953	0	0	0	/Users/timurtoby/Documents/MacRunner/Main/MacRunner/reports/phase4-hollow-knight/laneA-post-e3-directmem-20260701-035848-try1-035848	Mono config path = 'Z:/Users/timurtoby/Documents/MacRunner/Main/game-hollow.knight-(89718)/extracted-hollow-knight-1.5.12620/MonoBleedingEdge/etc'
04:05:00	188419	1349	73288,79666,80335,80349,80361,80380,80385,80401,80413	0	0	0	/Users/timurtoby/Documents/MacRunner/Main/MacRunner/reports/phase4-hollow-knight/laneA-post-e3-directmem-20260701-035848-try1-035848	Mono config path = 'Z:/Users/timurtoby/Documents/MacRunner/Main/game-hollow.knight-(89718)/extracted-hollow-knight-1.5.12620/MonoBleedingEdge/etc'
04:05:05	188419	1349	73288,79666,80660,80672,80685,80698,80709,80710,80721	0	0	0	/Users/timurtoby/Documents/MacRunner/Main/MacRunner/reports/phase4-hollow-knight/laneA-post-e3-directmem-20260701-035848-try1-035848	Mono config path = 'Z:/Users/timurtoby/Documents/MacRunner/Main/game-hollow.knight-(89718)/extracted-hollow-knight-1.5.12620/MonoBleedingEdge/etc'
04:05:10	188419	1349	73288	0	0	0	/Users/timurtoby/Documents/MacRunner/Main/MacRunner/reports/phase4-hollow-knight/laneA-post-e3-directmem-20260701-035848-try1-035848	Mono config path = 'Z:/Users/timurtoby/Documents/MacRunner/Main/game-hollow.knight-(89718)/extracted-hollow-knight-1.5.12620/MonoBleedingEdge/etc'
04:05:15	188419	1349	73288	0	0	0	/Users/timurtoby/Documents/MacRunner/Main/MacRunner/reports/phase4-hollow-knight/laneA-post-e3-directmem-20260701-035848-try1-035848	Mono config path = 'Z:/Users/timurtoby/Documents/MacRunner/Main/game-hollow.knight-(89718)/extracted-hollow-knight-1.5.12620/MonoBleedingEdge/etc'
04:05:20	188419	1349	73288	0	0	0	/Users/timurtoby/Documents/MacRunner/Main/MacRunner/reports/phase4-hollow-knight/laneA-post-e3-directmem-20260701-035848-try1-035848	Mono config path = 'Z:/Users/timurtoby/Documents/MacRunner/Main/game-hollow.knight-(89718)/extracted-hollow-knight-1.5.12620/MonoBleedingEdge/etc'
04:05:25	188419	1349	73288	0	0	0	/Users/timurtoby/Documents/MacRunner/Main/MacRunner/reports/phase4-hollow-knight/laneA-post-e3-directmem-20260701-035848-try1-035848	Mono config path = 'Z:/Users/timurtoby/Documents/MacRunner/Main/game-hollow.knight-(89718)/extracted-hollow-knight-1.5.12620/MonoBleedingEdge/etc'
04:05:31	188419	1349	73288	0	0	0	/Users/timurtoby/Documents/MacRunner/Main/MacRunner/reports/phase4-hollow-knight/laneA-post-e3-directmem-20260701-035848-try1-035848	Mono config path = 'Z:/Users/timurtoby/Documents/MacRunner/Main/game-hollow.knight-(89718)/extracted-hollow-knight-1.5.12620/MonoBleedingEdge/etc'
04:05:36	188419	1349	73288	0	0	0	/Users/timurtoby/Documents/MacRunner/Main/MacRunner/reports/phase4-hollow-knight/laneA-post-e3-directmem-20260701-035848-try1-035848	Mono config path = 'Z:/Users/timurtoby/Documents/MacRunner/Main/game-hollow.knight-(89718)/extracted-hollow-knight-1.5.12620/MonoBleedingEdge/etc'
04:05:41	188419	1349	73288	0	0	0	/Users/timurtoby/Documents/MacRunner/Main/MacRunner/reports/phase4-hollow-knight/laneA-post-e3-directmem-20260701-035848-try1-035848	Mono config path = 'Z:/Users/timurtoby/Documents/MacRunner/Main/game-hollow.knight-(89718)/extracted-hollow-knight-1.5.12620/MonoBleedingEdge/etc'
04:05:46	188419	1349	73288	0	0	0	/Users/timurtoby/Documents/MacRunner/Main/MacRunner/reports/phase4-hollow-knight/laneA-post-e3-directmem-20260701-035848-try1-035848	Mono config path = 'Z:/Users/timurtoby/Documents/MacRunner/Main/game-hollow.knight-(89718)/extracted-hollow-knight-1.5.12620/MonoBleedingEdge/etc'
04:05:51	188419	1349	73288	0	0	0	/Users/timurtoby/Documents/MacRunner/Main/MacRunner/reports/phase4-hollow-knight/laneA-post-e3-directmem-20260701-035848-try1-035848	Mono config path = 'Z:/Users/timurtoby/Documents/MacRunner/Main/game-hollow.knight-(89718)/extracted-hollow-knight-1.5.12620/MonoBleedingEdge/etc'
04:05:56	188419	1349	73288	0	0	0	/Users/timurtoby/Documents/MacRunner/Main/MacRunner/reports/phase4-hollow-knight/laneA-post-e3-directmem-20260701-035848-try1-035848	Mono config path = 'Z:/Users/timurtoby/Documents/MacRunner/Main/game-hollow.knight-(89718)/extracted-hollow-knight-1.5.12620/MonoBleedingEdge/etc'
04:06:01	188419	1349	73288	0	0	0	/Users/timurtoby/Documents/MacRunner/Main/MacRunner/reports/phase4-hollow-knight/laneA-post-e3-directmem-20260701-035848-try1-035848	Mono config path = 'Z:/Users/timurtoby/Documents/MacRunner/Main/game-hollow.knight-(89718)/extracted-hollow-knight-1.5.12620/MonoBleedingEdge/etc'
04:06:06	188419	1349	73288,81436	0	0	0	/Users/timurtoby/Documents/MacRunner/Main/MacRunner/reports/phase4-hollow-knight/laneA-post-e3-directmem-20260701-035848-try1-035848	Mono config path = 'Z:/Users/timurtoby/Documents/MacRunner/Main/game-hollow.knight-(89718)/extracted-hollow-knight-1.5.12620/MonoBleedingEdge/etc'
04:06:11	188419	1349	73288	0	0	0	/Users/timurtoby/Documents/MacRunner/Main/MacRunner/reports/phase4-hollow-knight/laneA-post-e3-directmem-20260701-035848-try1-035848	Mono config path = 'Z:/Users/timurtoby/Documents/MacRunner/Main/game-hollow.knight-(89718)/extracted-hollow-knight-1.5.12620/MonoBleedingEdge/etc'
04:06:16	188467	1350	82570,82952,82957,82959,82997,83023,83028,83033	0	0	0	/Users/timurtoby/Documents/MacRunner/Main/MacRunner/reports/phase4-hollow-knight/laneA-post-e3-directmem-20260701-035848-try1-035848	[mr-run] exit=143 (prefix auto-removed on exit)
04:06:22	188467	1350	83382,83411,83419,83431,83443,83467,83469,83482,83498,83506	0	0	0	/Users/timurtoby/Documents/MacRunner/Main/MacRunner/reports/phase4-hollow-knight/laneA-post-e3-directmem-20260701-035848-try1-035848	[mr-run] exit=143 (prefix auto-removed on exit)
